aqi,co,datetime,no2,o3,pm10,pm25,so2,timestamp_local,timestamp_utc,ts
173,266,2023-07-03:18,17,104,208,73,48,2023-07-03T23:30:00,2023-07-03T18:00:00,1688407200
184,293.7,2023-07-03:17,21.3,112,208.7,81,58.3,2023-07-03T22:30:00,2023-07-03T17:00:00,1688403600
184,321.3,2023-07-03:16,25.7,120,209.3,81,68.7,2023-07-03T21:30:00,2023-07-03T16:00:00,1688400000
181,349,2023-07-03:15,30,128,210,79,79,2023-07-03T20:30:00,2023-07-03T15:00:00,1688396400
185,298,2023-07-03:14,23,162.3,200.3,82,82.3,2023-07-03T19:30:00,2023-07-03T14:00:00,1688392800
180,247,2023-07-03:13,16,196.7,190.7,78,85.7,2023-07-03T18:30:00,2023-07-03T13:00:00,1688389200
173,196,2023-07-03:12,9,231,181,73,89,2023-07-03T17:30:00,2023-07-03T12:00:00,1688385600
131,186.3,2023-07-03:11,7.3,224.3,185.3,47,84.7,2023-07-03T16:30:00,2023-07-03T11:00:00,1688382000
131,176.7,2023-07-03:10,5.7,217.7,189.7,47,80.3,2023-07-03T15:30:00,2023-07-03T10:00:00,1688378400
148,167,2023-07-03:09,4,211,194,53,76,2023-07-03T14:30:00,2023-07-03T09:00:00,1688374800
148,166.7,2023-07-03:08,3.7,201,192.7,53,72.7,2023-07-03T13:30:00,2023-07-03T08:00:00,1688371200
142,166.3,2023-07-03:07,3.3,191,191.3,51,69.3,2023-07-03T12:30:00,2023-07-03T07:00:00,1688367600
118,166,2023-07-03:06,3,181,190,36,66,2023-07-03T11:30:00,2023-07-03T06:00:00,1688364000
105,170.3,2023-07-03:05,5,157,164,31,59,2023-07-03T10:30:00,2023-07-03T05:00:00,1688360400
107,174.7,2023-07-03:04,7,133,138,38,52,2023-07-03T09:30:00,2023-07-03T04:00:00,1688356800
91,179,2023-07-03:03,9,109,112,31,45,2023-07-03T08:30:00,2023-07-03T03:00:00,1688353200
89,183.7,2023-07-03:02,10.7,96.3,115.3,30,41.3,2023-07-03T07:30:00,2023-07-03T02:00:00,1688349600
91,188.3,2023-07-03:01,12.3,83.7,118.7,31,37.7,2023-07-03T06:30:00,2023-07-03T01:00:00,1688346000
95,193,2023-07-03:00,14,71,122,33,34,2023-07-03T05:30:00,2023-07-03T00:00:00,1688342400
100,220,2023-07-02:23,15.7,71,122.7,35,35,2023-07-03T04:30:00,2023-07-02T23:00:00,1688338800
100,247,2023-07-02:22,17.3,71,123.3,35,36,2023-07-03T03:30:00,2023-07-02T22:00:00,1688335200
100,274,2023-07-02:21,19,71,124,35,37,2023-07-03T02:30:00,2023-07-02T21:00:00,1688331600
95,293,2023-07-02:20,20.7,78,138,33,41,2023-07-03T01:30:00,2023-07-02T20:00:00,1688328000
137,312,2023-07-02:19,22.3,85,152,49,45,2023-07-03T00:30:00,2023-07-02T19:00:00,1688324400
148,331,2023-07-02:18,24,92,166,53,49,2023-07-02T23:30:00,2023-07-02T18:00:00,1688320800
148,350.3,2023-07-02:17,27.7,99.3,166.7,53,58,2023-07-02T22:30:00,2023-07-02T17:00:00,1688317200
157,369.7,2023-07-02:16,31.3,106.7,167.3,61,67,2023-07-02T21:30:00,2023-07-02T16:00:00,1688313600
160,389,2023-07-02:15,35,114,168,63,76,2023-07-02T20:30:00,2023-07-02T15:00:00,1688310000
155,330,2023-07-02:14,26.3,156.3,162.7,59,81.3,2023-07-02T19:30:00,2023-07-02T14:00:00,1688306400
163,271,2023-07-02:13,17.7,198.7,157.3,65,86.7,2023-07-02T18:30:00,2023-07-02T13:00:00,1688302800
150,212,2023-07-02:12,9,241,152,54,92,2023-07-02T17:30:00,2023-07-02T12:00:00,1688299200
126,210,2023-07-02:11,7.7,248.7,153.7,41,94,2023-07-02T16:30:00,2023-07-02T11:00:00,1688295600
129,208,2023-07-02:10,6.3,256.3,155.3,35,96,2023-07-02T15:30:00,2023-07-02T10:00:00,1688292000
131,206,2023-07-02:09,5,264,157,36,98,2023-07-02T14:30:00,2023-07-02T09:00:00,1688288400
127,209,2023-07-02:08,5.7,250,148,39,106.3,2023-07-02T13:30:00,2023-07-02T08:00:00,1688284800
123,212,2023-07-02:07,6.3,236,139,37,114.7,2023-07-02T12:30:00,2023-07-02T07:00:00,1688281200
118,215,2023-07-02:06,7,222,130,27,123,2023-07-02T11:30:00,2023-07-02T06:00:00,1688277600
105,208.7,2023-07-02:05,9,175.3,109.7,26,103,2023-07-02T10:30:00,2023-07-02T05:00:00,1688274000
74,202.3,2023-07-02:04,11,128.7,89.3,23,83,2023-07-02T09:30:00,2023-07-02T04:00:00,1688270400
61,196,2023-07-02:03,13,82,69,17,63,2023-07-02T08:30:00,2023-07-02T03:00:00,1688266800
65,220.3,2023-07-02:02,21.3,59,66.3,19,52.3,2023-07-02T07:30:00,2023-07-02T02:00:00,1688263200
91,244.7,2023-07-02:01,29.7,36,63.7,31,41.7,2023-07-02T06:30:00,2023-07-02T01:00:00,1688259600
61,269,2023-07-02:00,38,13,61,17,31,2023-07-02T05:30:00,2023-07-02T00:00:00,1688256000
50,252.3,2023-07-01:23,34.3,17.3,54.3,9,28.3,2023-07-02T04:30:00,2023-07-01T23:00:00,1688252400
44,235.7,2023-07-01:22,30.7,21.7,47.7,9,25.7,2023-07-02T03:30:00,2023-07-01T22:00:00,1688248800
38,219,2023-07-01:21,27,26,41,7,23,2023-07-02T02:30:00,2023-07-01T21:00:00,1688245200
43,214,2023-07-01:20,23.7,33.7,46.7,9,22.3,2023-07-02T01:30:00,2023-07-01T20:00:00,1688241600
48,209,2023-07-01:19,20.3,41.3,52.3,10,21.7,2023-07-02T00:30:00,2023-07-01T19:00:00,1688238000
52,204,2023-07-01:18,17,49,58,13,21,2023-07-01T23:30:00,2023-07-01T18:00:00,1688234400
60,200,2023-07-01:17,15.7,65.3,74.3,12,25,2023-07-01T22:30:00,2023-07-01T17:00:00,1688230800
68,196,2023-07-01:16,14.3,81.7,90.7,19,29,2023-07-01T21:30:00,2023-07-01T16:00:00,1688227200
76,192,2023-07-01:15,13,98,107,15,33,2023-07-01T20:30:00,2023-07-01T15:00:00,1688223600
78,189,2023-07-01:14,11,142.3,98.3,13,54.7,2023-07-01T19:30:00,2023-07-01T14:00:00,1688220000
108,186,2023-07-01:13,9,186.7,89.7,9,76.3,2023-07-01T18:30:00,2023-07-01T13:00:00,1688216400
121,183,2023-07-01:12,7,231,81,21,98,2023-07-01T17:30:00,2023-07-01T12:00:00,1688212800
114,293.7,2023-07-01:11,6.6,207.8,67.8,17,70.8,2023-07-01T16:30:00,2023-07-01T11:00:00,1688209200
107,404.3,2023-07-01:10,6.2,184.7,54.5,23,43.7,2023-07-01T15:30:00,2023-07-01T10:00:00,1688205600
100,515,2023-07-01:09,5.9,161.5,41.3,30,16.5,2023-07-01T14:30:00,2023-07-01T09:00:00,1688202000
112,560.8,2023-07-01:08,6.2,162.9,44,40,17.2,2023-07-01T13:30:00,2023-07-01T08:00:00,1688198400
101,606.7,2023-07-01:07,6.5,164.3,46.7,34,17.8,2023-07-01T12:30:00,2023-07-01T07:00:00,1688194800
102,652.6,2023-07-01:06,6.8,165.7,49.5,24,18.5,2023-07-01T11:30:00,2023-07-01T06:00:00,1688191200
82,787.1,2023-07-01:05,14,117.7,57.5,27,20.8,2023-07-01T10:30:00,2023-07-01T05:00:00,1688187600
65,921.6,2023-07-01:04,21.2,69.6,65.5,19,23.1,2023-07-01T09:30:00,2023-07-01T04:00:00,1688184000
74,1056.2,2023-07-01:03,28.3,21.5,73.6,23,25.4,2023-07-01T08:30:00,2023-07-01T03:00:00,1688180400
91,1028.1,2023-07-01:02,25.7,25.7,74.6,31,23.5,2023-07-01T07:30:00,2023-07-01T02:00:00,1688176800
115,1000,2023-07-01:01,23,29.9,75.6,41,21.6,2023-07-01T06:30:00,2023-07-01T01:00:00,1688173200
61,971.9,2023-07-01:00,20.3,34,76.6,11,19.7,2023-07-01T05:30:00,2023-07-01T00:00:00,1688169600
62,976.4,2023-06-30:23,19.9,40.7,77.1,11,19.5,2023-07-01T04:30:00,2023-06-30T23:00:00,1688166000
62,980.8,2023-06-30:22,19.5,47.4,77.7,9,19.3,2023-07-01T03:30:00,2023-06-30T22:00:00,1688162400
67,985.3,2023-06-30:21,19,54.1,78.2,20,19.1,2023-07-01T02:30:00,2023-06-30T21:00:00,1688158800
72,1019.2,2023-06-30:20,21.2,62.8,82.6,22,18.7,2023-07-01T01:30:00,2023-06-30T20:00:00,1688155200
67,1053.1,2023-06-30:19,23.3,71.5,87,15,18.3,2023-07-01T00:30:00,2023-06-30T19:00:00,1688151600
69,1087.1,2023-06-30:18,25.4,80.1,91.4,18,17.9,2023-06-30T23:30:00,2023-06-30T18:00:00,1688148000
74,1040.6,2023-06-30:17,24.5,90.5,88.2,23,16,2023-06-30T22:30:00,2023-06-30T17:00:00,1688144400
78,994.2,2023-06-30:16,23.6,100.9,85,25,14,2023-06-30T21:30:00,2023-06-30T16:00:00,1688140800
64,947.7,2023-06-30:15,22.8,111.3,81.8,17,12,2023-06-30T20:30:00,2023-06-30T15:00:00,1688137200
77,846.9,2023-06-30:14,18.4,141.4,76.7,15,12.8,2023-06-30T19:30:00,2023-06-30T14:00:00,1688133600
103,746,2023-06-30:13,14.1,171.5,71.6,17,13.5,2023-06-30T18:30:00,2023-06-30T13:00:00,1688130000
112,645.2,2023-06-30:12,9.7,201.6,66.5,19,14.3,2023-06-30T17:30:00,2023-06-30T12:00:00,1688126400
107,491.1,2023-06-30:11,11.2,183.7,63.3,7,41.9,2023-06-30T16:30:00,2023-06-30T11:00:00,1688122800
102,337.1,2023-06-30:10,12.6,165.9,60.2,13,69.4,2023-06-30T15:30:00,2023-06-30T10:00:00,1688119200
85,183,2023-06-30:09,14,148,57,16,97,2023-06-30T14:30:00,2023-06-30T09:00:00,1688115600
79,176,2023-06-30:08,12.7,143,57,22,94,2023-06-30T13:30:00,2023-06-30T08:00:00,1688112000
102,169,2023-06-30:07,11.3,138,57,36,91,2023-06-30T12:30:00,2023-06-30T07:00:00,1688108400
102,162,2023-06-30:06,10,133,57,36,88,2023-06-30T11:30:00,2023-06-30T06:00:00,1688104800
91,163.3,2023-06-30:05,12.3,116.3,55.7,31,84,2023-06-30T10:30:00,2023-06-30T05:00:00,1688101200
98,164.7,2023-06-30:04,14.7,99.7,54.3,34,80,2023-06-30T09:30:00,2023-06-30T04:00:00,1688097600
72,166,2023-06-30:03,17,83,53,22,76,2023-06-30T08:30:00,2023-06-30T03:00:00,1688094000
56,178.3,2023-06-30:02,19,67.7,56,15,68.3,2023-06-30T07:30:00,2023-06-30T02:00:00,1688090400
61,190.7,2023-06-30:01,21,52.3,59,17,60.7,2023-06-30T06:30:00,2023-06-30T01:00:00,1688086800
54,203,2023-06-30:00,23,37,62,6,53,2023-06-30T05:30:00,2023-06-30T00:00:00,1688083200
54,196.7,2023-06-29:23,23,41,61.7,2,47.7,2023-06-30T04:30:00,2023-06-29T23:00:00,1688079600
76,190.3,2023-06-29:22,23,45,61.3,24,42.3,2023-06-30T03:30:00,2023-06-29T22:00:00,1688076000
107,184,2023-06-29:21,23,49,61,38,37,2023-06-30T02:30:00,2023-06-29T21:00:00,1688072400
121,222.3,2023-06-29:20,35,40.3,76,43,37.7,2023-06-30T01:30:00,2023-06-29T20:00:00,1688068800
95,260.7,2023-06-29:19,47,31.7,91,33,38.3,2023-06-30T00:30:00,2023-06-29T19:00:00,1688065200
76,299,2023-06-29:18,59,23,106,23,39,2023-06-29T23:30:00,2023-06-29T18:00:00,1688061600
77,329.7,2023-06-29:17,68.7,20,107.7,24,49,2023-06-29T22:30:00,2023-06-29T17:00:00,1688058000
78,360.3,2023-06-29:16,78.3,17,109.3,22,59,2023-06-29T21:30:00,2023-06-29T16:00:00,1688054400
78,391,2023-06-29:15,88,14,111,13,69,2023-06-29T20:30:00,2023-06-29T15:00:00,1688050800
71,305.7,2023-06-29:14,62.7,52.7,96.3,9,66,2023-06-29T19:30:00,2023-06-29T14:00:00,1688047200
64,220.3,2023-06-29:13,37.3,91.3,81.7,11,63,2023-06-29T18:30:00,2023-06-29T13:00:00,1688043600
65,135,2023-06-29:12,12,130,67,19,60,2023-06-29T17:30:00,2023-06-29T12:00:00,1688040000
63,130.7,2023-06-29:11,9.7,130.3,63.7,16,53.7,2023-06-29T16:30:00,2023-06-29T11:00:00,1688036400
63,126.3,2023-06-29:10,7.3,130.7,60.3,15,47.3,2023-06-29T15:30:00,2023-06-29T10:00:00,1688032800
72,122,2023-06-29:09,5,131,57,22,41,2023-06-29T14:30:00,2023-06-29T09:00:00,1688029200
95,124.3,2023-06-29:08,5,131,56.7,33,46,2023-06-29T13:30:00,2023-06-29T08:00:00,1688025600
87,126.7,2023-06-29:07,5,131,56.3,29,51,2023-06-29T12:30:00,2023-06-29T07:00:00,1688022000
67,129,2023-06-29:06,5,131,56,20,56,2023-06-29T11:30:00,2023-06-29T06:00:00,1688018400
63,141.7,2023-06-29:05,9,112.3,55.7,18,73,2023-06-29T10:30:00,2023-06-29T05:00:00,1688014800
51,154.3,2023-06-29:04,13,93.7,55.3,9,90,2023-06-29T09:30:00,2023-06-29T04:00:00,1688011200
50,167,2023-06-29:03,17,75,55,2,107,2023-06-29T08:30:00,2023-06-29T03:00:00,1688007600
59,175.3,2023-06-29:02,18,62,58.7,16,90.3,2023-06-29T07:30:00,2023-06-29T02:00:00,1688004000
173,183.7,2023-06-29:01,19,49,62.3,46.75,73.7,2023-06-29T06:30:00,2023-06-29T01:00:00,1688000400
207,192,2023-06-29:00,20,36,66,49.5,57,2023-06-29T05:30:00,2023-06-29T00:00:00,1687996800
244,190.3,2023-06-28:23,20.3,40.3,66,49.5,52,2023-06-29T04:30:00,2023-06-28T23:00:00,1687993200
224,188.7,2023-06-28:22,20.7,44.7,66,49.5,47,2023-06-29T03:30:00,2023-06-28T22:00:00,1687989600
217,187,2023-06-28:21,21,49,66,49.5,42,2023-06-29T02:30:00,2023-06-28T21:00:00,1687986000
156,206.7,2023-06-28:20,30.7,43.7,73.7,60,41,2023-06-29T01:30:00,2023-06-28T20:00:00,1687982400
121,226.3,2023-06-28:19,40.3,38.3,81.3,43,40,2023-06-29T00:30:00,2023-06-28T19:00:00,1687978800
123,246,2023-06-28:18,50,33,89,44,39,2023-06-28T23:30:00,2023-06-28T18:00:00,1687975200
121,277,2023-06-28:17,56.3,33,91.7,43,54,2023-06-28T22:30:00,2023-06-28T17:00:00,1687971600
98,308,2023-06-28:16,62.7,33,94.3,34,69,2023-06-28T21:30:00,2023-06-28T16:00:00,1687968000
72,339,2023-06-28:15,69,33,97,19,84,2023-06-28T20:30:00,2023-06-28T15:00:00,1687964400
69,272.7,2023-06-28:14,50.3,68,89.3,21,78.3,2023-06-28T19:30:00,2023-06-28T14:00:00,1687960800
64,206.3,2023-06-28:13,31.7,103,81.7,16,72.7,2023-06-28T18:30:00,2023-06-28T13:00:00,1687957200
72,140,2023-06-28:12,13,138,74,7,67,2023-06-28T17:30:00,2023-06-28T12:00:00,1687953600
75,139.3,2023-06-28:11,11,140,71.7,5,62.7,2023-06-28T16:30:00,2023-06-28T11:00:00,1687950000
78,138.7,2023-06-28:10,9,142,69.3,5,58.3,2023-06-28T15:30:00,2023-06-28T10:00:00,1687946400
80,138,2023-06-28:09,7,144,67,19,54,2023-06-28T14:30:00,2023-06-28T09:00:00,1687942800
78,142.7,2023-06-28:08,7.3,133.7,65.3,25,57.3,2023-06-28T13:30:00,2023-06-28T08:00:00,1687939200
78,147.3,2023-06-28:07,7.7,123.3,63.7,25,60.7,2023-06-28T12:30:00,2023-06-28T07:00:00,1687935600
80,152,2023-06-28:06,8,113,62,26,64,2023-06-28T11:30:00,2023-06-28T06:00:00,1687932000
80,158,2023-06-28:05,12,102.3,57,26,67,2023-06-28T10:30:00,2023-06-28T05:00:00,1687928400
72,164,2023-06-28:04,16,91.7,52,22,70,2023-06-28T09:30:00,2023-06-28T04:00:00,1687924800
82,170,2023-06-28:03,20,81,47,27,73,2023-06-28T08:30:00,2023-06-28T03:00:00,1687921200
110,165,2023-06-28:02,16.3,80.7,47.7,39,60.7,2023-06-28T07:30:00,2023-06-28T02:00:00,1687917600
134,160,2023-06-28:01,12.7,80.3,48.3,48,48.3,2023-06-28T06:30:00,2023-06-28T01:00:00,1687914000
123,155,2023-06-28:00,9,80,49,44,36,2023-06-28T05:30:00,2023-06-28T00:00:00,1687910400
112,167,2023-06-27:23,11,77.7,59,40,35,2023-06-28T04:30:00,2023-06-27T23:00:00,1687906800
76,179,2023-06-27:22,13,75.3,69,24,34,2023-06-28T03:30:00,2023-06-27T22:00:00,1687903200
78,191,2023-06-27:21,15,73,79,25,33,2023-06-28T02:30:00,2023-06-27T21:00:00,1687899600
74,231.7,2023-06-27:20,29,64,88.3,23,42,2023-06-28T01:30:00,2023-06-27T20:00:00,1687896000
87,272.3,2023-06-27:19,43,55,97.7,29,51,2023-06-28T00:30:00,2023-06-27T19:00:00,1687892400
100,313,2023-06-27:18,57,46,107,35,60,2023-06-27T23:30:00,2023-06-27T18:00:00,1687888800
104,328,2023-06-27:17,65.3,42.7,106,37,66,2023-06-27T22:30:00,2023-06-27T17:00:00,1687885200
91,343,2023-06-27:16,73.7,39.3,105,31,72,2023-06-27T21:30:00,2023-06-27T16:00:00,1687881600
75,358,2023-06-27:15,82,36,104,23,78,2023-06-27T20:30:00,2023-06-27T15:00:00,1687878000
93,294.7,2023-06-27:14,59.7,74.3,91,32,75.7,2023-06-27T19:30:00,2023-06-27T14:00:00,1687874400
82,231.3,2023-06-27:13,37.3,112.7,78,27,73.3,2023-06-27T18:30:00,2023-06-27T13:00:00,1687870800
93,168,2023-06-27:12,15,151,65,32,71,2023-06-27T17:30:00,2023-06-27T12:00:00,1687867200
100,162.7,2023-06-27:11,11.7,152.7,64.7,35,65,2023-06-27T16:30:00,2023-06-27T11:00:00,1687863600
93,157.3,2023-06-27:10,8.3,154.3,64.3,31,59,2023-06-27T15:30:00,2023-06-27T10:00:00,1687860000
102,152,2023-06-27:09,5,156,64,36,53,2023-06-27T14:30:00,2023-06-27T09:00:00,1687856400
87,162,2023-06-27:08,6.7,149.3,66,26,62.7,2023-06-27T13:30:00,2023-06-27T08:00:00,1687852800
104,172,2023-06-27:07,8.3,142.7,68,37,72.3,2023-06-27T12:30:00,2023-06-27T07:00:00,1687849200
89,182,2023-06-27:06,10,136,70,30,82,2023-06-27T11:30:00,2023-06-27T06:00:00,1687845600
102,216.7,2023-06-27:05,20,112.7,66.3,36,110.3,2023-06-27T10:30:00,2023-06-27T05:00:00,1687842000
78,251.3,2023-06-27:04,30,89.3,62.7,25,138.7,2023-06-27T09:30:00,2023-06-27T04:00:00,1687838400
80,286,2023-06-27:03,40,66,59,26,167,2023-06-27T08:30:00,2023-06-27T03:00:00,1687834800
61,293.3,2023-06-27:02,40.7,57.3,65.3,17,143,2023-06-27T07:30:00,2023-06-27T02:00:00,1687831200
59,300.7,2023-06-27:01,41.3,48.7,71.7,15,119,2023-06-27T06:30:00,2023-06-27T01:00:00,1687827600
62,308,2023-06-27:00,42,40,78,17,95,2023-06-27T05:30:00,2023-06-27T00:00:00,1687824000
72,390.7,2023-06-26:23,53,29.3,99,13,135.3,2023-06-27T04:30:00,2023-06-26T23:00:00,1687820400
102,473.3,2023-06-26:22,64,18.7,120,36,175.7,2023-06-27T03:30:00,2023-06-26T22:00:00,1687816800
155,556,2023-06-26:21,75,8,141,59,216,2023-06-27T02:30:00,2023-06-26T21:00:00,1687813200
168,597.3,2023-06-26:20,82,6.7,139.7,69,220.3,2023-06-27T01:30:00,2023-06-26T20:00:00,1687809600
112,638.7,2023-06-26:19,89,5.3,138.3,40,224.7,2023-06-27T00:30:00,2023-06-26T19:00:00,1687806000
98,680,2023-06-26:18,96,4,137,34,229,2023-06-26T23:30:00,2023-06-26T18:00:00,1687802400
112,637.7,2023-06-26:17,94.7,9.7,128.3,40,202.3,2023-06-26T22:30:00,2023-06-26T17:00:00,1687798800
112,595.3,2023-06-26:16,93.3,15.3,119.7,40,175.7,2023-06-26T21:30:00,2023-06-26T16:00:00,1687795200
98,553,2023-06-26:15,92,21,111,34,149,2023-06-26T20:30:00,2023-06-26T15:00:00,1687791600
93,431,2023-06-26:14,67.7,53.3,99,32,123,2023-06-26T19:30:00,2023-06-26T14:00:00,1687788000
78,309,2023-06-26:13,43.3,85.7,87,25,97,2023-06-26T18:30:00,2023-06-26T13:00:00,1687784400
89,187,2023-06-26:12,19,118,75,30,71,2023-06-26T17:30:00,2023-06-26T12:00:00,1687780800
102,176,2023-06-26:11,14.3,128.3,75.3,36,59.3,2023-06-26T16:30:00,2023-06-26T11:00:00,1687777200
104,165,2023-06-26:10,9.7,138.7,75.7,37,47.7,2023-06-26T15:30:00,2023-06-26T10:00:00,1687773600
102,154,2023-06-26:09,5,149,76,36,36,2023-06-26T14:30:00,2023-06-26T09:00:00,1687770000
98,159.3,2023-06-26:08,6,137,78.7,34,39,2023-06-26T13:30:00,2023-06-26T08:00:00,1687766400
87,164.7,2023-06-26:07,7,125,81.3,29,42,2023-06-26T12:30:00,2023-06-26T07:00:00,1687762800
98,170,2023-06-26:06,8,113,84,34,45,2023-06-26T11:30:00,2023-06-26T06:00:00,1687759200
137,196.7,2023-06-26:05,15.3,94.3,80.7,49,60.3,2023-06-26T10:30:00,2023-06-26T05:00:00,1687755600
150,223.3,2023-06-26:04,22.7,75.7,77.3,54,75.7,2023-06-26T09:30:00,2023-06-26T04:00:00,1687752000
137,250,2023-06-26:03,30,57,74,49,91,2023-06-26T08:30:00,2023-06-26T03:00:00,1687748400
102,272.3,2023-06-26:02,36.3,47.7,80.3,36,90.7,2023-06-26T07:30:00,2023-06-26T02:00:00,1687744800
80,294.7,2023-06-26:01,42.7,38.3,86.7,26,90.3,2023-06-26T06:30:00,2023-06-26T01:00:00,1687741200
100,317,2023-06-26:00,49,29,93,35,90,2023-06-26T05:30:00,2023-06-26T00:00:00,1687737600
102,302,2023-06-25:23,45.7,28,85.3,36,72.7,2023-06-26T04:30:00,2023-06-25T23:00:00,1687734000
121,287,2023-06-25:22,42.3,27,77.7,43,55.3,2023-06-26T03:30:00,2023-06-25T22:00:00,1687730400
115,272,2023-06-25:21,39,26,70,41,38,2023-06-26T02:30:00,2023-06-25T21:00:00,1687726800
123,289,2023-06-25:20,45,23.7,80.3,44,44.3,2023-06-26T01:30:00,2023-06-25T20:00:00,1687723200
134,306,2023-06-25:19,51,21.3,90.7,48,50.7,2023-06-26T00:30:00,2023-06-25T19:00:00,1687719600
110,323,2023-06-25:18,57,19,101,39,57,2023-06-25T23:30:00,2023-06-25T18:00:00,1687716000
100,332.3,2023-06-25:17,60,24,101.3,35,62.3,2023-06-25T22:30:00,2023-06-25T17:00:00,1687712400
100,341.7,2023-06-25:16,63,29,101.7,35,67.7,2023-06-25T21:30:00,2023-06-25T16:00:00,1687708800
100,351,2023-06-25:15,66,34,102,35,73,2023-06-25T20:30:00,2023-06-25T15:00:00,1687705200
89,335,2023-06-25:14,60.7,53.3,95.7,30,105.7,2023-06-25T19:30:00,2023-06-25T14:00:00,1687701600
112,319,2023-06-25:13,55.3,72.7,89.3,40,138.3,2023-06-25T18:30:00,2023-06-25T13:00:00,1687698000
118,303,2023-06-25:12,50,92,83,42,171,2023-06-25T17:30:00,2023-06-25T12:00:00,1687694400
67,271.3,2023-06-25:11,42.7,85.7,84.3,20,164.7,2023-06-25T16:30:00,2023-06-25T11:00:00,1687690800
66,239.7,2023-06-25:10,35.3,79.3,85.7,12,158.3,2023-06-25T15:30:00,2023-06-25T10:00:00,1687687200
66,208,2023-06-25:09,28,73,87,12,152,2023-06-25T14:30:00,2023-06-25T09:00:00,1687683600
65,227.7,2023-06-25:08,32.3,60.3,83.7,6,133.3,2023-06-25T13:30:00,2023-06-25T08:00:00,1687680000
63,247.3,2023-06-25:07,36.7,47.7,80.3,7,114.7,2023-06-25T12:30:00,2023-06-25T07:00:00,1687676400
62,267,2023-06-25:06,41,35,77,14,96,2023-06-25T11:30:00,2023-06-25T06:00:00,1687672800
60,284.7,2023-06-25:05,44,31.3,73.3,13,87.3,2023-06-25T10:30:00,2023-06-25T05:00:00,1687669200
58,302.3,2023-06-25:04,47,27.7,69.7,7,78.7,2023-06-25T09:30:00,2023-06-25T04:00:00,1687665600
56,320,2023-06-25:03,50,24,66,6,70,2023-06-25T08:30:00,2023-06-25T03:00:00,1687662000
51,290.7,2023-06-25:02,38,37.3,55.3,6,60.3,2023-06-25T07:30:00,2023-06-25T02:00:00,1687658400
41,261.3,2023-06-25:01,26,50.7,44.7,1,50.7,2023-06-25T06:30:00,2023-06-25T01:00:00,1687654800
31,232,2023-06-25:00,14,64,34,2,41,2023-06-25T05:30:00,2023-06-25T00:00:00,1687651200
51,237,2023-06-24:23,14.7,64,56,5,36.3,2023-06-25T04:30:00,2023-06-24T23:00:00,1687647600
62,242,2023-06-24:22,15.3,64,78,9,31.7,2023-06-25T03:30:00,2023-06-24T22:00:00,1687644000
102,247,2023-06-24:21,16,64,100,36,27,2023-06-25T02:30:00,2023-06-24T21:00:00,1687640400
118,271.3,2023-06-24:20,26,56.7,103.7,42,39.3,2023-06-25T01:30:00,2023-06-24T20:00:00,1687636800
129,295.7,2023-06-24:19,36,49.3,107.3,46,51.7,2023-06-25T00:30:00,2023-06-24T19:00:00,1687633200
107,320,2023-06-24:18,46,42,111,38,64,2023-06-24T23:30:00,2023-06-24T18:00:00,1687629600
107,334,2023-06-24:17,52.7,41,116,38,73,2023-06-24T22:30:00,2023-06-24T17:00:00,1687626000
95,348,2023-06-24:16,59.3,40,121,33,82,2023-06-24T21:30:00,2023-06-24T16:00:00,1687622400
98,362,2023-06-24:15,66,39,126,34,91,2023-06-24T20:30:00,2023-06-24T15:00:00,1687618800
90,327.7,2023-06-24:14,54,62.7,133,24,114,2023-06-24T19:30:00,2023-06-24T14:00:00,1687615200
93,293.3,2023-06-24:13,42,86.3,140,22,137,2023-06-24T18:30:00,2023-06-24T13:00:00,1687611600
96,259,2023-06-24:12,30,110,147,21,160,2023-06-24T17:30:00,2023-06-24T12:00:00,1687608000
89,261,2023-06-24:11,33,103.3,132.3,23,179.3,2023-06-24T16:30:00,2023-06-24T11:00:00,1687604400
82,263,2023-06-24:10,36,96.7,117.7,20,198.7,2023-06-24T15:30:00,2023-06-24T10:00:00,1687600800
104,265,2023-06-24:09,39,90,103,37,218,2023-06-24T14:30:00,2023-06-24T09:00:00,1687597200
142,277.3,2023-06-24:08,39.7,75.3,97.3,51,179.7,2023-06-24T13:30:00,2023-06-24T08:00:00,1687593600
134,289.7,2023-06-24:07,40.3,60.7,91.7,48,141.3,2023-06-24T12:30:00,2023-06-24T07:00:00,1687590000
153,302,2023-06-24:06,41,46,86,55,103,2023-06-24T11:30:00,2023-06-24T06:00:00,1687586400
104,284,2023-06-24:05,38.3,53.7,91,37,80.7,2023-06-24T10:30:00,2023-06-24T05:00:00,1687582800
93,266,2023-06-24:04,35.7,61.3,96,32,58.3,2023-06-24T09:30:00,2023-06-24T04:00:00,1687579200
129,248,2023-06-24:03,33,69,101,46,36,2023-06-24T08:30:00,2023-06-24T03:00:00,1687575600
110,315.7,2023-06-24:02,45.7,50,113.3,39,47.7,2023-06-24T07:30:00,2023-06-24T02:00:00,1687572000
145,383.3,2023-06-24:01,58.3,31,125.7,52,59.3,2023-06-24T06:30:00,2023-06-24T01:00:00,1687568400
157,451,2023-06-24:00,71,12,138,61,71,2023-06-24T05:30:00,2023-06-24T00:00:00,1687564800
181,439.7,2023-06-23:23,70.3,14,133,79,74,2023-06-24T04:30:00,2023-06-23T23:00:00,1687561200
172,428.3,2023-06-23:22,69.7,16,128,72,77,2023-06-24T03:30:00,2023-06-23T22:00:00,1687557600
168,417,2023-06-23:21,69,18,123,69,80,2023-06-24T02:30:00,2023-06-23T21:00:00,1687554000
185,478,2023-06-23:20,77.3,14.3,129.7,82,90,2023-06-24T01:30:00,2023-06-23T20:00:00,1687550400
184,539,2023-06-23:19,85.7,10.7,136.3,81,100,2023-06-24T00:30:00,2023-06-23T19:00:00,1687546800
177,600,2023-06-23:18,94,7,143,76,110,2023-06-23T23:30:00,2023-06-23T18:00:00,1687543200
176,593.7,2023-06-23:17,95.7,12,152.7,75,118.7,2023-06-23T22:30:00,2023-06-23T17:00:00,1687539600
176,587.3,2023-06-23:16,97.3,17,162.3,75,127.3,2023-06-23T21:30:00,2023-06-23T16:00:00,1687536000
173,581,2023-06-23:15,99,22,172,73,136,2023-06-23T20:30:00,2023-06-23T15:00:00,1687532400
157,448.7,2023-06-23:14,71,61,173.7,61,109.7,2023-06-23T19:30:00,2023-06-23T14:00:00,1687528800
160,316.3,2023-06-23:13,43,100,175.3,63,83.3,2023-06-23T18:30:00,2023-06-23T13:00:00,1687525200
159,184,2023-06-23:12,15,139,177,62,57,2023-06-23T17:30:00,2023-06-23T12:00:00,1687521600
151,195.7,2023-06-23:11,17.7,140.7,160.3,56,114.3,2023-06-23T16:30:00,2023-06-23T11:00:00,1687518000
153,207.3,2023-06-23:10,20.3,142.3,143.7,55,171.7,2023-06-23T15:30:00,2023-06-23T10:00:00,1687514400
139,219,2023-06-23:09,23,144,127,50,229,2023-06-23T14:30:00,2023-06-23T09:00:00,1687510800
134,210.3,2023-06-23:08,19.7,134,117.3,48,186.3,2023-06-23T13:30:00,2023-06-23T08:00:00,1687507200
134,201.7,2023-06-23:07,16.3,124,107.7,48,143.7,2023-06-23T12:30:00,2023-06-23T07:00:00,1687503600
110,193,2023-06-23:06,13,114,98,39,101,2023-06-23T11:30:00,2023-06-23T06:00:00,1687500000
98,200.3,2023-06-23:05,14,101.7,98,34,85,2023-06-23T10:30:00,2023-06-23T05:00:00,1687496400
98,207.7,2023-06-23:04,15,89.3,98,34,69,2023-06-23T09:30:00,2023-06-23T04:00:00,1687492800
91,215,2023-06-23:03,16,77,98,31,53,2023-06-23T08:30:00,2023-06-23T03:00:00,1687489200
93,205.7,2023-06-23:02,17.7,66,99.3,32,57.3,2023-06-23T07:30:00,2023-06-23T02:00:00,1687485600
87,196.3,2023-06-23:01,19.3,55,100.7,29,61.7,2023-06-23T06:30:00,2023-06-23T01:00:00,1687482000
93,187,2023-06-23:00,21,44,102,32,66,2023-06-23T05:30:00,2023-06-23T00:00:00,1687478400
78,200.3,2023-06-22:23,21,52.7,106.3,25,67,2023-06-23T04:30:00,2023-06-22T23:00:00,1687474800
78,213.7,2023-06-22:22,21,61.3,110.7,22,68,2023-06-23T03:30:00,2023-06-22T22:00:00,1687471200
80,227,2023-06-22:21,21,70,115,22,69,2023-06-23T02:30:00,2023-06-22T21:00:00,1687467600
129,264.7,2023-06-22:20,27.3,68.7,132.7,46,104.3,2023-06-23T01:30:00,2023-06-22T20:00:00,1687464000
131,302.3,2023-06-22:19,33.7,67.3,150.3,47,139.7,2023-06-23T00:30:00,2023-06-22T19:00:00,1687460400
131,340,2023-06-22:18,40,66,168,47,175,2023-06-22T23:30:00,2023-06-22T18:00:00,1687456800
153,400.7,2023-06-22:17,55.3,68.7,172.7,58,231.7,2023-06-22T22:30:00,2023-06-22T17:00:00,1687453200
134,461.3,2023-06-22:16,70.7,71.3,177.3,48,288.3,2023-06-22T21:30:00,2023-06-22T16:00:00,1687449600
129,522,2023-06-22:15,86,74,182,46,345,2023-06-22T20:30:00,2023-06-22T15:00:00,1687446000
137,443.3,2023-06-22:14,68.7,112.3,162,49,348.3,2023-06-22T19:30:00,2023-06-22T14:00:00,1687442400
110,364.7,2023-06-22:13,51.3,150.7,142,39,351.7,2023-06-22T18:30:00,2023-06-22T13:00:00,1687438800
118,286,2023-06-22:12,34,189,122,42,355,2023-06-22T17:30:00,2023-06-22T12:00:00,1687435200
106,259.3,2023-06-22:11,30.3,180.3,119.3,36,327.7,2023-06-22T16:30:00,2023-06-22T11:00:00,1687431600
115,232.7,2023-06-22:10,26.7,171.7,116.7,41,300.3,2023-06-22T15:30:00,2023-06-22T10:00:00,1687428000
102,206,2023-06-22:09,23,163,114,36,273,2023-06-22T14:30:00,2023-06-22T09:00:00,1687424400
118,191.7,2023-06-22:08,19,153.7,109.3,42,214.7,2023-06-22T13:30:00,2023-06-22T08:00:00,1687420800
100,177.3,2023-06-22:07,15,144.3,104.7,35,156.3,2023-06-22T12:30:00,2023-06-22T07:00:00,1687417200
98,163,2023-06-22:06,11,135,100,34,98,2023-06-22T11:30:00,2023-06-22T06:00:00,1687413600
95,184.3,2023-06-22:05,14,121.7,106.3,33,95,2023-06-22T10:30:00,2023-06-22T05:00:00,1687410000
98,205.7,2023-06-22:04,17,108.3,112.7,34,92,2023-06-22T09:30:00,2023-06-22T04:00:00,1687406400
87,227,2023-06-22:03,20,95,119,29,89,2023-06-22T08:30:00,2023-06-22T03:00:00,1687402800
102,239.7,2023-06-22:02,23,75,152.3,36,103,2023-06-22T07:30:00,2023-06-22T02:00:00,1687399200
116,252.3,2023-06-22:01,26,55,185.7,29,117,2023-06-22T06:30:00,2023-06-22T01:00:00,1687395600
132,265,2023-06-22:00,29,35,219,27,131,2023-06-22T05:30:00,2023-06-22T00:00:00,1687392000
121,286,2023-06-21:23,34.3,32.7,195.3,25,111.3,2023-06-22T04:30:00,2023-06-21T23:00:00,1687388400
109,307,2023-06-21:22,39.7,30.3,171.7,24,91.7,2023-06-22T03:30:00,2023-06-21T22:00:00,1687384800
97,328,2023-06-21:21,45,28,148,31,72,2023-06-22T02:30:00,2023-06-21T21:00:00,1687381200
106,340.7,2023-06-21:20,48,36.7,165.7,27,89.3,2023-06-22T01:30:00,2023-06-21T20:00:00,1687377600
115,353.3,2023-06-21:19,51,45.3,183.3,30,106.7,2023-06-22T00:30:00,2023-06-21T19:00:00,1687374000
124,366,2023-06-21:18,54,54,201,30,124,2023-06-21T23:30:00,2023-06-21T18:00:00,1687370400
121,374,2023-06-21:17,57.7,68.3,196,24,168.3,2023-06-21T22:30:00,2023-06-21T17:00:00,1687366800
118,382,2023-06-21:16,61.3,82.7,191,27,212.7,2023-06-21T21:30:00,2023-06-21T16:00:00,1687363200
142,390,2023-06-21:15,65,97,186,51,257,2023-06-21T20:30:00,2023-06-21T15:00:00,1687359600
137,322.7,2023-06-21:14,47.7,130,167.7,49,232.3,2023-06-21T19:30:00,2023-06-21T14:00:00,1687356000
129,255.3,2023-06-21:13,30.3,163,149.3,46,207.7,2023-06-21T18:30:00,2023-06-21T13:00:00,1687352400
115,188,2023-06-21:12,13,196,131,41,183,2023-06-21T17:30:00,2023-06-21T12:00:00,1687348800
123,186.3,2023-06-21:11,13.3,193,125,44,183.7,2023-06-21T16:30:00,2023-06-21T11:00:00,1687345200
109,184.7,2023-06-21:10,13.7,190,119,36,184.3,2023-06-21T15:30:00,2023-06-21T10:00:00,1687341600
110,183,2023-06-21:09,14,187,113,39,185,2023-06-21T14:30:00,2023-06-21T09:00:00,1687338000
107,193.7,2023-06-21:08,15.3,166.7,106,38,165.3,2023-06-21T13:30:00,2023-06-21T08:00:00,1687334400
98,204.3,2023-06-21:07,16.7,146.3,99,34,145.7,2023-06-21T12:30:00,2023-06-21T07:00:00,1687330800
91,215,2023-06-21:06,18,126,92,31,126,2023-06-21T11:30:00,2023-06-21T06:00:00,1687327200
85,241,2023-06-21:05,24,107.7,85,28,139.3,2023-06-21T10:30:00,2023-06-21T05:00:00,1687323600
63,267,2023-06-21:04,30,89.3,78,18,152.7,2023-06-21T09:30:00,2023-06-21T04:00:00,1687320000
69,293,2023-06-21:03,36,71,71,21,166,2023-06-21T08:30:00,2023-06-21T03:00:00,1687316400
65,291,2023-06-21:02,36,54.3,84.7,14,165,2023-06-21T07:30:00,2023-06-21T02:00:00,1687312800
85,289,2023-06-21:01,36,37.7,98.3,28,164,2023-06-21T06:30:00,2023-06-21T01:00:00,1687309200
79,287,2023-06-21:00,36,21,112,22,163,2023-06-21T05:30:00,2023-06-21T00:00:00,1687305600
74,258.3,2023-06-20:23,33,26,97.7,23,140,2023-06-21T04:30:00,2023-06-20T23:00:00,1687302000
72,229.7,2023-06-20:22,30,31,83.3,22,117,2023-06-21T03:30:00,2023-06-20T22:00:00,1687298400
63,201,2023-06-20:21,27,36,69,18,94,2023-06-21T02:30:00,2023-06-20T21:00:00,1687294800
89,196.7,2023-06-20:20,26.3,40,74.7,30,83,2023-06-21T01:30:00,2023-06-20T20:00:00,1687291200
107,192.3,2023-06-20:19,25.7,44,80.3,38,72,2023-06-21T00:30:00,2023-06-20T19:00:00,1687287600
112,188,2023-06-20:18,25,48,86,40,61,2023-06-20T23:30:00,2023-06-20T18:00:00,1687284000
95,187.7,2023-06-20:17,26.7,51.7,88.3,33,72.7,2023-06-20T22:30:00,2023-06-20T17:00:00,1687280400
82,187.3,2023-06-20:16,28.3,55.3,90.7,27,84.3,2023-06-20T21:30:00,2023-06-20T16:00:00,1687276800
76,187,2023-06-20:15,30,59,93,24,96,2023-06-20T20:30:00,2023-06-20T15:00:00,1687273200
67,160,2023-06-20:14,22.7,76.3,87,20,86.7,2023-06-20T19:30:00,2023-06-20T14:00:00,1687269600
67,133,2023-06-20:13,15.3,93.7,81,20,77.3,2023-06-20T18:30:00,2023-06-20T13:00:00,1687266000
72,106,2023-06-20:12,8,111,75,22,68,2023-06-20T17:30:00,2023-06-20T12:00:00,1687262400
82,102.7,2023-06-20:11,6.7,112.7,71.7,27,53.7,2023-06-20T16:30:00,2023-06-20T11:00:00,1687258800
72,99.3,2023-06-20:10,5.3,114.3,68.3,22,39.3,2023-06-20T15:30:00,2023-06-20T10:00:00,1687255200
69,96,2023-06-20:09,4,116,65,21,25,2023-06-20T14:30:00,2023-06-20T09:00:00,1687251600
87,100,2023-06-20:08,4,116.3,68,29,30.7,2023-06-20T13:30:00,2023-06-20T08:00:00,1687248000
110,104,2023-06-20:07,4,116.7,71,39,36.3,2023-06-20T12:30:00,2023-06-20T07:00:00,1687244400
110,108,2023-06-20:06,4,117,74,39,42,2023-06-20T11:30:00,2023-06-20T06:00:00,1687240800
107,112.7,2023-06-20:05,8.3,99,66.7,38,53.3,2023-06-20T10:30:00,2023-06-20T05:00:00,1687237200
107,117.3,2023-06-20:04,12.7,81,59.3,38,64.7,2023-06-20T09:30:00,2023-06-20T04:00:00,1687233600
129,122,2023-06-20:03,17,63,52,46,76,2023-06-20T08:30:00,2023-06-20T03:00:00,1687230000
145,122.3,2023-06-20:02,14.7,62,53,52,68.7,2023-06-20T07:30:00,2023-06-20T02:00:00,1687226400
121,122.7,2023-06-20:01,12.3,61,54,43,61.3,2023-06-20T06:30:00,2023-06-20T01:00:00,1687222800
110,123,2023-06-20:00,10,60,55,39,54,2023-06-20T05:30:00,2023-06-20T00:00:00,1687219200
139,139,2023-06-19:23,14.3,55,59.7,50,53.7,2023-06-20T04:30:00,2023-06-19T23:00:00,1687215600
137,155,2023-06-19:22,18.7,50,64.3,49,53.3,2023-06-20T03:30:00,2023-06-19T22:00:00,1687212000
129,171,2023-06-19:21,23,45,69,46,53,2023-06-20T02:30:00,2023-06-19T21:00:00,1687208400
112,191,2023-06-19:20,32.3,39,74.7,40,55.7,2023-06-20T01:30:00,2023-06-19T20:00:00,1687204800
121,211,2023-06-19:19,41.7,33,80.3,43,58.3,2023-06-20T00:30:00,2023-06-19T19:00:00,1687201200
100,231,2023-06-19:18,51,27,86,35,61,2023-06-19T23:30:00,2023-06-19T18:00:00,1687197600
102,250.3,2023-06-19:17,52,29.7,86,36,68.7,2023-06-19T22:30:00,2023-06-19T17:00:00,1687194000
112,269.7,2023-06-19:16,53,32.3,86,40,76.3,2023-06-19T21:30:00,2023-06-19T16:00:00,1687190400
100,289,2023-06-19:15,54,35,86,35,84,2023-06-19T20:30:00,2023-06-19T15:00:00,1687186800
95,228,2023-06-19:14,39.7,58.3,81.3,33,67,2023-06-19T19:30:00,2023-06-19T14:00:00,1687183200
78,167,2023-06-19:13,25.3,81.7,76.7,25,50,2023-06-19T18:30:00,2023-06-19T13:00:00,1687179600
59,106,2023-06-19:12,11,105,72,14,33,2023-06-19T17:30:00,2023-06-19T12:00:00,1687176000
58,107.3,2023-06-19:11,10.7,107,70.7,10,40,2023-06-19T16:30:00,2023-06-19T11:00:00,1687172400
58,108.7,2023-06-19:10,10.3,109,69.3,4,47,2023-06-19T15:30:00,2023-06-19T10:00:00,1687168800
89,110,2023-06-19:09,10,111,68,30,54,2023-06-19T14:30:00,2023-06-19T09:00:00,1687165200
104,109,2023-06-19:08,10.3,101.3,65.3,37,53.7,2023-06-19T13:30:00,2023-06-19T08:00:00,1687161600
95,108,2023-06-19:07,10.7,91.7,62.7,33,53.3,2023-06-19T12:30:00,2023-06-19T07:00:00,1687158000
72,107,2023-06-19:06,11,82,60,22,53,2023-06-19T11:30:00,2023-06-19T06:00:00,1687154400
52,109.3,2023-06-19:05,12,79.3,58.3,13,52.3,2023-06-19T10:30:00,2023-06-19T05:00:00,1687150800
54,111.7,2023-06-19:04,13,76.7,56.7,14,51.7,2023-06-19T09:30:00,2023-06-19T04:00:00,1687147200
61,114,2023-06-19:03,14,74,55,17,51,2023-06-19T08:30:00,2023-06-19T03:00:00,1687143600
56,121,2023-06-19:02,16.3,64,51.3,15,50.7,2023-06-19T07:30:00,2023-06-19T02:00:00,1687140000
52,128,2023-06-19:01,18.7,54,47.7,13,50.3,2023-06-19T06:30:00,2023-06-19T01:00:00,1687136400
59,135,2023-06-19:00,21,44,44,16,50,2023-06-19T05:30:00,2023-06-19T00:00:00,1687132800
50,161.3,2023-06-18:23,26,39,52.7,12,58.7,2023-06-19T04:30:00,2023-06-18T23:00:00,1687129200
54,187.7,2023-06-18:22,31,34,61.3,9,67.3,2023-06-19T03:30:00,2023-06-18T22:00:00,1687125600
58,214,2023-06-18:21,36,29,70,9,76,2023-06-19T02:30:00,2023-06-18T21:00:00,1687122000
58,249,2023-06-18:20,39,28.3,69,11,88,2023-06-19T01:30:00,2023-06-18T20:00:00,1687118400
57,284,2023-06-18:19,42,27.7,68,14,100,2023-06-19T00:30:00,2023-06-18T19:00:00,1687114800
91,319,2023-06-18:18,45,27,67,31,112,2023-06-18T23:30:00,2023-06-18T18:00:00,1687111200
85,296,2023-06-18:17,43.7,33.3,67.7,28,109.7,2023-06-18T22:30:00,2023-06-18T17:00:00,1687107600
82,273,2023-06-18:16,42.3,39.7,68.3,27,107.3,2023-06-18T21:30:00,2023-06-18T16:00:00,1687104000
74,250,2023-06-18:15,41,46,69,23,105,2023-06-18T20:30:00,2023-06-18T15:00:00,1687100400
67,204.3,2023-06-18:14,33.7,58.7,63,20,91,2023-06-18T19:30:00,2023-06-18T14:00:00,1687096800
76,158.7,2023-06-18:13,26.3,71.3,57,24,77,2023-06-18T18:30:00,2023-06-18T13:00:00,1687093200
80,113,2023-06-18:12,19,84,51,26,63,2023-06-18T17:30:00,2023-06-18T12:00:00,1687089600
78,104.7,2023-06-18:11,14.7,94.3,52.3,25,55.7,2023-06-18T16:30:00,2023-06-18T11:00:00,1687086000
78,96.3,2023-06-18:10,10.3,104.7,53.7,25,48.3,2023-06-18T15:30:00,2023-06-18T10:00:00,1687082400
100,88,2023-06-18:09,6,115,55,35,41,2023-06-18T14:30:00,2023-06-18T09:00:00,1687078800
85,93.3,2023-06-18:08,6.3,113.7,56.3,28,53.3,2023-06-18T13:30:00,2023-06-18T08:00:00,1687075200
110,98.7,2023-06-18:07,6.7,112.3,57.7,39,65.7,2023-06-18T12:30:00,2023-06-18T07:00:00,1687071600
95,104,2023-06-18:06,7,111,59,33,78,2023-06-18T11:30:00,2023-06-18T06:00:00,1687068000
89,125.3,2023-06-18:05,12.3,97.7,60.3,30,104,2023-06-18T10:30:00,2023-06-18T05:00:00,1687064400
115,146.7,2023-06-18:04,17.7,84.3,61.7,41,130,2023-06-18T09:30:00,2023-06-18T04:00:00,1687060800
126,168,2023-06-18:03,23,71,63,45,156,2023-06-18T08:30:00,2023-06-18T03:00:00,1687057200
139,208.3,2023-06-18:02,31.3,53.3,69.7,50,150.7,2023-06-18T07:30:00,2023-06-18T02:00:00,1687053600
89,248.7,2023-06-18:01,39.7,35.7,76.3,30,145.3,2023-06-18T06:30:00,2023-06-18T01:00:00,1687050000
65,289,2023-06-18:00,48,18,83,19,140,2023-06-18T05:30:00,2023-06-18T00:00:00,1687046400
60,272.3,2023-06-17:23,49,19,74,13,119,2023-06-18T04:30:00,2023-06-17T23:00:00,1687042800
56,255.7,2023-06-17:22,50,20,65,14,98,2023-06-18T03:30:00,2023-06-17T22:00:00,1687039200
51,239,2023-06-17:21,51,21,56,11,77,2023-06-18T02:30:00,2023-06-17T21:00:00,1687035600
67,214.3,2023-06-17:20,45.7,30.7,53.3,20,68.7,2023-06-18T01:30:00,2023-06-17T20:00:00,1687032000
56,189.7,2023-06-17:19,40.3,40.3,50.7,15,60.3,2023-06-18T00:30:00,2023-06-17T19:00:00,1687028400
56,165,2023-06-17:18,35,50,48,15,52,2023-06-17T23:30:00,2023-06-17T18:00:00,1687024800
76,254.7,2023-06-17:17,51.7,41.7,61.7,24,86.7,2023-06-17T22:30:00,2023-06-17T17:00:00,1687021200
91,344.3,2023-06-17:16,68.3,33.3,75.3,31,121.3,2023-06-17T21:30:00,2023-06-17T16:00:00,1687017600
95,434,2023-06-17:15,85,25,89,33,156,2023-06-17T20:30:00,2023-06-17T15:00:00,1687014000
104,326.7,2023-06-17:14,60.7,60,80,37,123,2023-06-17T19:30:00,2023-06-17T14:00:00,1687010400
91,219.3,2023-06-17:13,36.3,95,71,31,90,2023-06-17T18:30:00,2023-06-17T13:00:00,1687006800
104,112,2023-06-17:12,12,130,62,37,57,2023-06-17T17:30:00,2023-06-17T12:00:00,1687003200
89,115,2023-06-17:11,10.7,131,61,30,64.3,2023-06-17T16:30:00,2023-06-17T11:00:00,1686999600
67,118,2023-06-17:10,9.3,132,60,20,71.7,2023-06-17T15:30:00,2023-06-17T10:00:00,1686996000
67,121,2023-06-17:09,8,133,59,20,79,2023-06-17T14:30:00,2023-06-17T09:00:00,1686992400
69,128,2023-06-17:08,9.7,126.3,58.3,21,87,2023-06-17T13:30:00,2023-06-17T08:00:00,1686988800
74,135,2023-06-17:07,11.3,119.7,57.7,23,95,2023-06-17T12:30:00,2023-06-17T07:00:00,1686985200
69,142,2023-06-17:06,13,113,57,21,103,2023-06-17T11:30:00,2023-06-17T06:00:00,1686981600
78,174,2023-06-17:05,20,97.3,62.3,25,129,2023-06-17T10:30:00,2023-06-17T05:00:00,1686978000
78,206,2023-06-17:04,27,81.7,67.7,25,155,2023-06-17T09:30:00,2023-06-17T04:00:00,1686974400
82,238,2023-06-17:03,34,66,73,27,181,2023-06-17T08:30:00,2023-06-17T03:00:00,1686970800
148,258.7,2023-06-17:02,40.3,51,68,53,157.7,2023-06-17T07:30:00,2023-06-17T02:00:00,1686967200
126,279.3,2023-06-17:01,46.7,36,63,45,134.3,2023-06-17T06:30:00,2023-06-17T01:00:00,1686963600
89,300,2023-06-17:00,53,21,58,30,111,2023-06-17T05:30:00,2023-06-17T00:00:00,1686960000
82,553.3,2023-06-16:23,58.7,14,80.7,27,154,2023-06-17T04:30:00,2023-06-16T23:00:00,1686956400
115,806.7,2023-06-16:22,64.3,7,103.3,41,197,2023-06-17T03:30:00,2023-06-16T22:00:00,1686952800
104,1060,2023-06-16:21,70,0,126,37,240,2023-06-17T02:30:00,2023-06-16T21:00:00,1686949200
98,1025.3,2023-06-16:20,75.3,0,120.3,34,221.3,2023-06-17T01:30:00,2023-06-16T20:00:00,1686945600
129,990.7,2023-06-16:19,80.7,0,114.7,46,202.7,2023-06-17T00:30:00,2023-06-16T19:00:00,1686942000
107,956,2023-06-16:18,86,0,109,38,184,2023-06-16T23:30:00,2023-06-16T18:00:00,1686938400
91,783,2023-06-16:17,84,8.7,97.7,31,165,2023-06-16T22:30:00,2023-06-16T17:00:00,1686934800
107,610,2023-06-16:16,82,17.3,86.3,38,146,2023-06-16T21:30:00,2023-06-16T16:00:00,1686931200
126,437,2023-06-16:15,80,26,75,45,127,2023-06-16T20:30:00,2023-06-16T15:00:00,1686927600
95,337,2023-06-16:14,58.3,64.3,68,33,111.7,2023-06-16T19:30:00,2023-06-16T14:00:00,1686924000
72,237,2023-06-16:13,36.7,102.7,61,22,96.3,2023-06-16T18:30:00,2023-06-16T13:00:00,1686920400
76,137,2023-06-16:12,15,141,54,22,81,2023-06-16T17:30:00,2023-06-16T12:00:00,1686916800
75,129.3,2023-06-16:11,12.3,140.3,62,10,73.7,2023-06-16T16:30:00,2023-06-16T11:00:00,1686913200
75,121.7,2023-06-16:10,9.7,139.7,70,6,66.3,2023-06-16T15:30:00,2023-06-16T10:00:00,1686909600
85,114,2023-06-16:09,7,139,78,28,59,2023-06-16T14:30:00,2023-06-16T09:00:00,1686906000
75,125.7,2023-06-16:08,8,140,80,20,72.7,2023-06-16T13:30:00,2023-06-16T08:00:00,1686902400
82,137.3,2023-06-16:07,9,141,82,27,86.3,2023-06-16T12:30:00,2023-06-16T07:00:00,1686898800
93,149,2023-06-16:06,10,142,84,32,100,2023-06-16T11:30:00,2023-06-16T06:00:00,1686895200
134,184.3,2023-06-16:05,18.3,124,86.7,48,152,2023-06-16T10:30:00,2023-06-16T05:00:00,1686891600
89,219.7,2023-06-16:04,26.7,106,89.3,30,204,2023-06-16T09:30:00,2023-06-16T04:00:00,1686888000
89,255,2023-06-16:03,35,88,92,30,256,2023-06-16T08:30:00,2023-06-16T03:00:00,1686884400
110,266.3,2023-06-16:02,40,67.3,95,39,231,2023-06-16T07:30:00,2023-06-16T02:00:00,1686880800
121,277.7,2023-06-16:01,45,46.7,98,43,206,2023-06-16T06:30:00,2023-06-16T01:00:00,1686877200
180,289,2023-06-16:00,50,26,101,78,181,2023-06-16T05:30:00,2023-06-16T00:00:00,1686873600
91,295.7,2023-06-15:23,55.3,22.3,98,31,186,2023-06-16T04:30:00,2023-06-15T23:00:00,1686870000
80,302.3,2023-06-15:22,60.7,18.7,95,26,191,2023-06-16T03:30:00,2023-06-15T22:00:00,1686866400
87,309,2023-06-15:21,66,15,92,29,196,2023-06-16T02:30:00,2023-06-15T21:00:00,1686862800
89,311.3,2023-06-15:20,70,13.3,88,30,189.7,2023-06-16T01:30:00,2023-06-15T20:00:00,1686859200
102,313.7,2023-06-15:19,74,11.7,84,36,183.3,2023-06-16T00:30:00,2023-06-15T19:00:00,1686855600
91,316,2023-06-15:18,78,10,80,31,177,2023-06-15T23:30:00,2023-06-15T18:00:00,1686852000
82,288.7,2023-06-15:17,72.3,18.7,78.7,27,157.7,2023-06-15T22:30:00,2023-06-15T17:00:00,1686848400
85,261.3,2023-06-15:16,66.7,27.3,77.3,28,138.3,2023-06-15T21:30:00,2023-06-15T16:00:00,1686844800
80,234,2023-06-15:15,61,36,76,26,119,2023-06-15T20:30:00,2023-06-15T15:00:00,1686841200
69,192,2023-06-15:14,45.7,57.7,77.3,21,101,2023-06-15T19:30:00,2023-06-15T14:00:00,1686837600
72,150,2023-06-15:13,30.3,79.3,78.7,22,83,2023-06-15T18:30:00,2023-06-15T13:00:00,1686834000
82,108,2023-06-15:12,15,101,80,27,65,2023-06-15T17:30:00,2023-06-15T12:00:00,1686830400
85,102.7,2023-06-15:11,11.7,108.7,87.3,28,57.3,2023-06-15T16:30:00,2023-06-15T11:00:00,1686826800
98,97.3,2023-06-15:10,8.3,116.3,94.7,34,49.7,2023-06-15T15:30:00,2023-06-15T10:00:00,1686823200
100,92,2023-06-15:09,5,124,102,35,42,2023-06-15T14:30:00,2023-06-15T09:00:00,1686819600
121,93.3,2023-06-15:08,5,119.7,105.7,43,44.3,2023-06-15T13:30:00,2023-06-15T08:00:00,1686816000
123,94.7,2023-06-15:07,5,115.3,109.3,44,46.7,2023-06-15T12:30:00,2023-06-15T07:00:00,1686812400
159,96,2023-06-15:06,5,111,113,62,49,2023-06-15T11:30:00,2023-06-15T06:00:00,1686808800
137,117,2023-06-15:05,10.7,93,108.3,49,64,2023-06-15T10:30:00,2023-06-15T05:00:00,1686805200
112,138,2023-06-15:04,16.3,75,103.7,40,79,2023-06-15T09:30:00,2023-06-15T04:00:00,1686801600
104,159,2023-06-15:03,22,57,99,37,94,2023-06-15T08:30:00,2023-06-15T03:00:00,1686798000
85,170,2023-06-15:02,24,52,92.7,28,110.7,2023-06-15T07:30:00,2023-06-15T02:00:00,1686794400
89,181,2023-06-15:01,26,47,86.3,30,127.3,2023-06-15T06:30:00,2023-06-15T01:00:00,1686790800
87,192,2023-06-15:00,28,42,80,29,144,2023-06-15T05:30:00,2023-06-15T00:00:00,1686787200
93,226.3,2023-06-14:23,38,31.7,77,32,141,2023-06-15T04:30:00,2023-06-14T23:00:00,1686783600
89,260.7,2023-06-14:22,48,21.3,74,30,138,2023-06-15T03:30:00,2023-06-14T22:00:00,1686780000
82,295,2023-06-14:21,58,11,71,27,135,2023-06-15T02:30:00,2023-06-14T21:00:00,1686776400
95,289.3,2023-06-14:20,56.3,14,71,33,119.7,2023-06-15T01:30:00,2023-06-14T20:00:00,1686772800
91,283.7,2023-06-14:19,54.7,17,71,31,104.3,2023-06-15T00:30:00,2023-06-14T19:00:00,1686769200
72,278,2023-06-14:18,53,20,71,22,89,2023-06-14T23:30:00,2023-06-14T18:00:00,1686765600
76,251,2023-06-14:17,50.3,25.7,75,24,83,2023-06-14T22:30:00,2023-06-14T17:00:00,1686762000
89,224,2023-06-14:16,47.7,31.3,79,30,77,2023-06-14T21:30:00,2023-06-14T16:00:00,1686758400
131,197,2023-06-14:15,45,37,83,47,71,2023-06-14T20:30:00,2023-06-14T15:00:00,1686754800
91,161.7,2023-06-14:14,34.3,56.3,82,31,60.3,2023-06-14T19:30:00,2023-06-14T14:00:00,1686751200
85,126.3,2023-06-14:13,23.7,75.7,81,28,49.7,2023-06-14T18:30:00,2023-06-14T13:00:00,1686747600
87,91,2023-06-14:12,13,95,80,29,39,2023-06-14T17:30:00,2023-06-14T12:00:00,1686744000
104,90,2023-06-14:11,10.7,102,81.3,37,37.7,2023-06-14T16:30:00,2023-06-14T11:00:00,1686740400
129,89,2023-06-14:10,8.3,109,82.7,46,36.3,2023-06-14T15:30:00,2023-06-14T10:00:00,1686736800
123,88,2023-06-14:09,6,116,84,44,35,2023-06-14T14:30:00,2023-06-14T09:00:00,1686733200
104,90.7,2023-06-14:08,6,113.7,88,37,37.7,2023-06-14T13:30:00,2023-06-14T08:00:00,1686729600
100,93.3,2023-06-14:07,6,111.3,92,35,40.3,2023-06-14T12:30:00,2023-06-14T07:00:00,1686726000
89,96,2023-06-14:06,6,109,96,30,43,2023-06-14T11:30:00,2023-06-14T06:00:00,1686722400
82,130.7,2023-06-14:05,13,92,92.7,27,60.3,2023-06-14T10:30:00,2023-06-14T05:00:00,1686718800
89,165.3,2023-06-14:04,20,75,89.3,30,77.7,2023-06-14T09:30:00,2023-06-14T04:00:00,1686715200
89,200,2023-06-14:03,27,58,86,30,95,2023-06-14T08:30:00,2023-06-14T03:00:00,1686711600
102,216,2023-06-14:02,30,47.7,80.3,36,103.3,2023-06-14T07:30:00,2023-06-14T02:00:00,1686708000
139,232,2023-06-14:01,33,37.3,74.7,50,111.7,2023-06-14T06:30:00,2023-06-14T01:00:00,1686704400
126,248,2023-06-14:00,36,27,69,45,120,2023-06-14T05:30:00,2023-06-14T00:00:00,1686700800
87,268.7,2023-06-13:23,39.3,25.7,70.7,29,114,2023-06-14T04:30:00,2023-06-13T23:00:00,1686697200
107,289.3,2023-06-13:22,42.7,24.3,72.3,38,108,2023-06-14T03:30:00,2023-06-13T22:00:00,1686693600
118,310,2023-06-13:21,46,23,74,42,102,2023-06-14T02:30:00,2023-06-13T21:00:00,1686690000
118,345.3,2023-06-13:20,58.7,15.3,77.3,42,109.7,2023-06-14T01:30:00,2023-06-13T20:00:00,1686686400
134,380.7,2023-06-13:19,71.3,7.7,80.7,48,117.3,2023-06-14T00:30:00,2023-06-13T19:00:00,1686682800
159,416,2023-06-13:18,84,0,84,62,125,2023-06-13T23:30:00,2023-06-13T18:00:00,1686679200
134,372.7,2023-06-13:17,81.3,5.7,80.7,48,115.7,2023-06-13T22:30:00,2023-06-13T17:00:00,1686675600
152,329.3,2023-06-13:16,78.7,11.3,77.3,57,106.3,2023-06-13T21:30:00,2023-06-13T16:00:00,1686672000
150,286,2023-06-13:15,76,17,74,54,97,2023-06-13T20:30:00,2023-06-13T15:00:00,1686668400
163,224.7,2023-06-13:14,56,44.7,79.3,65,79.7,2023-06-13T19:30:00,2023-06-13T14:00:00,1686664800
164,163.3,2023-06-13:13,36,72.3,84.7,66,62.3,2023-06-13T18:30:00,2023-06-13T13:00:00,1686661200
159,102,2023-06-13:12,16,100,90,62,45,2023-06-13T17:30:00,2023-06-13T12:00:00,1686657600
157,98.3,2023-06-13:11,12.7,108.3,94.7,61,43.3,2023-06-13T16:30:00,2023-06-13T11:00:00,1686654000
142,94.7,2023-06-13:10,9.3,116.7,99.3,51,41.7,2023-06-13T15:30:00,2023-06-13T10:00:00,1686650400
102,91,2023-06-13:09,6,125,104,36,40,2023-06-13T14:30:00,2023-06-13T09:00:00,1686646800
77,96.3,2023-06-13:08,6,125,108,22,45.3,2023-06-13T13:30:00,2023-06-13T08:00:00,1686643200
79,101.7,2023-06-13:07,6,125,112,19,50.7,2023-06-13T12:30:00,2023-06-13T07:00:00,1686639600
81,107,2023-06-13:06,6,125,116,22,56,2023-06-13T11:30:00,2023-06-13T06:00:00,1686636000
91,146.3,2023-06-13:05,14.7,102.7,102.7,31,70.3,2023-06-13T10:30:00,2023-06-13T05:00:00,1686632400
115,185.7,2023-06-13:04,23.3,80.3,89.3,41,84.7,2023-06-13T09:30:00,2023-06-13T04:00:00,1686628800
104,225,2023-06-13:03,32,58,76,37,99,2023-06-13T08:30:00,2023-06-13T03:00:00,1686625200
164,242,2023-06-13:02,34.7,48.7,75.7,66,103.3,2023-06-13T07:30:00,2023-06-13T02:00:00,1686621600
159,259,2023-06-13:01,37.3,39.3,75.3,62,107.7,2023-06-13T06:30:00,2023-06-13T01:00:00,1686618000
171,276,2023-06-13:00,40,30,75,71,112,2023-06-13T05:30:00,2023-06-13T00:00:00,1686614400
161,367.7,2023-06-12:23,56.3,20.7,80.3,64,122.3,2023-06-13T04:30:00,2023-06-12T23:00:00,1686610800
142,459.3,2023-06-12:22,72.7,11.3,85.7,51,132.7,2023-06-13T03:30:00,2023-06-12T22:00:00,1686607200
134,551,2023-06-12:21,89,2,91,48,143,2023-06-13T02:30:00,2023-06-12T21:00:00,1686603600
139,545.3,2023-06-12:20,95,1.7,93,50,148.7,2023-06-13T01:30:00,2023-06-12T20:00:00,1686600000
161,539.7,2023-06-12:19,101,1.3,95,64,154.3,2023-06-13T00:30:00,2023-06-12T19:00:00,1686596400
134,534,2023-06-12:18,107,1,97,48,160,2023-06-12T23:30:00,2023-06-12T18:00:00,1686592800
142,469.7,2023-06-12:17,101.3,7.7,91.3,51,146,2023-06-12T22:30:00,2023-06-12T17:00:00,1686589200
145,405.3,2023-06-12:16,95.7,14.3,85.7,52,132,2023-06-12T21:30:00,2023-06-12T16:00:00,1686585600
126,341,2023-06-12:15,90,21,80,45,118,2023-06-12T20:30:00,2023-06-12T15:00:00,1686582000
123,268.7,2023-06-12:14,65,56.7,82.3,44,98,2023-06-12T19:30:00,2023-06-12T14:00:00,1686578400
112,196.3,2023-06-12:13,40,92.3,84.7,40,78,2023-06-12T18:30:00,2023-06-12T13:00:00,1686574800
115,124,2023-06-12:12,15,128,87,41,58,2023-06-12T17:30:00,2023-06-12T12:00:00,1686571200
104,122,2023-06-12:11,12,137,89.7,37,56,2023-06-12T16:30:00,2023-06-12T11:00:00,1686567600
104,120,2023-06-12:10,9,146,92.3,37,54,2023-06-12T15:30:00,2023-06-12T10:00:00,1686564000
94,118,2023-06-12:09,6,155,95,32,52,2023-06-12T14:30:00,2023-06-12T09:00:00,1686560400
107,131.3,2023-06-12:08,6.7,156.7,95,38,61.3,2023-06-12T13:30:00,2023-06-12T08:00:00,1686556800
118,144.7,2023-06-12:07,7.3,158.3,95,42,70.7,2023-06-12T12:30:00,2023-06-12T07:00:00,1686553200
126,158,2023-06-12:06,8,160,95,45,80,2023-06-12T11:30:00,2023-06-12T06:00:00,1686549600
123,200.7,2023-06-12:05,18,143,90.7,44,109,2023-06-12T10:30:00,2023-06-12T05:00:00,1686546000
102,243.3,2023-06-12:04,28,126,86.3,36,138,2023-06-12T09:30:00,2023-06-12T04:00:00,1686542400
89,286,2023-06-12:03,38,109,82,30,167,2023-06-12T08:30:00,2023-06-12T03:00:00,1686538800
110,314.3,2023-06-12:02,42,83,82.3,39,158.3,2023-06-12T07:30:00,2023-06-12T02:00:00,1686535200
142,342.7,2023-06-12:01,46,57,82.7,51,149.7,2023-06-12T06:30:00,2023-06-12T01:00:00,1686531600
137,371,2023-06-12:00,50,31,83,49,141,2023-06-12T05:30:00,2023-06-12T00:00:00,1686528000
137,396.7,2023-06-11:23,63,24.3,83.3,49,153,2023-06-12T04:30:00,2023-06-11T23:00:00,1686524400
104,422.3,2023-06-11:22,76,17.7,83.7,37,165,2023-06-12T03:30:00,2023-06-11T22:00:00,1686520800
112,448,2023-06-11:21,89,11,84,40,177,2023-06-12T02:30:00,2023-06-11T21:00:00,1686517200
98,454.7,2023-06-11:20,93,9,82.3,34,173.7,2023-06-12T01:30:00,2023-06-11T20:00:00,1686513600
100,461.3,2023-06-11:19,97,7,80.7,35,170.3,2023-06-12T00:30:00,2023-06-11T19:00:00,1686510000
102,468,2023-06-11:18,101,5,79,36,167,2023-06-11T23:30:00,2023-06-11T18:00:00,1686506400
129,415,2023-06-11:17,93.3,15.3,79.7,46,150.3,2023-06-11T22:30:00,2023-06-11T17:00:00,1686502800
129,362,2023-06-11:16,85.7,25.7,80.3,46,133.7,2023-06-11T21:30:00,2023-06-11T16:00:00,1686499200
129,309,2023-06-11:15,78,36,81,46,117,2023-06-11T20:30:00,2023-06-11T15:00:00,1686495600
104,250,2023-06-11:14,56.7,70,79,37,98.7,2023-06-11T19:30:00,2023-06-11T14:00:00,1686492000
93,191,2023-06-11:13,35.3,104,77,32,80.3,2023-06-11T18:30:00,2023-06-11T13:00:00,1686488400
121,132,2023-06-11:12,14,138,75,43,62,2023-06-11T17:30:00,2023-06-11T12:00:00,1686484800
118,129.7,2023-06-11:11,11.3,145,79,42,59.3,2023-06-11T16:30:00,2023-06-11T11:00:00,1686481200
110,127.3,2023-06-11:10,8.7,152,83,39,56.7,2023-06-11T15:30:00,2023-06-11T10:00:00,1686477600
129,125,2023-06-11:09,6,159,87,46,54,2023-06-11T14:30:00,2023-06-11T09:00:00,1686474000
107,142.3,2023-06-11:08,7.3,158,88,38,72.3,2023-06-11T13:30:00,2023-06-11T08:00:00,1686470400
96,159.7,2023-06-11:07,8.7,157,89,30,90.7,2023-06-11T12:30:00,2023-06-11T07:00:00,1686466800
95,177,2023-06-11:06,10,156,90,28,109,2023-06-11T11:30:00,2023-06-11T06:00:00,1686463200
89,216.3,2023-06-11:05,18.3,140.7,90.7,30,146,2023-06-11T10:30:00,2023-06-11T05:00:00,1686459600
91,255.7,2023-06-11:04,26.7,125.3,91.3,31,183,2023-06-11T09:30:00,2023-06-11T04:00:00,1686456000
78,295,2023-06-11:03,35,110,92,25,220,2023-06-11T08:30:00,2023-06-11T03:00:00,1686452400
95,273.3,2023-06-11:02,30.7,101,89.7,33,197.7,2023-06-11T07:30:00,2023-06-11T02:00:00,1686448800
100,251.7,2023-06-11:01,26.3,92,87.3,35,175.3,2023-06-11T06:30:00,2023-06-11T01:00:00,1686445200
78,230,2023-06-11:00,22,83,85,25,153,2023-06-11T05:30:00,2023-06-11T00:00:00,1686441600
71,391.3,2023-06-10:23,45.7,55.3,95.7,21,167.7,2023-06-11T04:30:00,2023-06-10T23:00:00,1686438000
76,552.7,2023-06-10:22,69.3,27.7,106.3,20,182.3,2023-06-11T03:30:00,2023-06-10T22:00:00,1686434400
82,714,2023-06-10:21,93,0,117,27,197,2023-06-11T02:30:00,2023-06-10T21:00:00,1686430800
91,664,2023-06-10:20,97,0,110.7,31,181.3,2023-06-11T01:30:00,2023-06-10T20:00:00,1686427200
112,614,2023-06-10:19,101,0,104.3,40,165.7,2023-06-11T00:30:00,2023-06-10T19:00:00,1686423600
155,564,2023-06-10:18,105,0,98,59,150,2023-06-10T23:30:00,2023-06-10T18:00:00,1686420000
85,498.3,2023-06-10:17,95.3,8.3,87.7,28,133.3,2023-06-10T22:30:00,2023-06-10T17:00:00,1686416400
80,432.7,2023-06-10:16,85.7,16.7,77.3,26,116.7,2023-06-10T21:30:00,2023-06-10T16:00:00,1686412800
91,367,2023-06-10:15,76,25,67,31,100,2023-06-10T20:30:00,2023-06-10T15:00:00,1686409200
74,287,2023-06-10:14,56,57.3,66.7,23,86,2023-06-10T19:30:00,2023-06-10T14:00:00,1686405600
89,207,2023-06-10:13,36,89.7,66.3,30,72,2023-06-10T18:30:00,2023-06-10T13:00:00,1686402000
89,127,2023-06-10:12,16,122,66,30,58,2023-06-10T17:30:00,2023-06-10T12:00:00,1686398400
74,127,2023-06-10:11,12.7,136.7,69.3,23,59,2023-06-10T16:30:00,2023-06-10T11:00:00,1686394800
89,127,2023-06-10:10,9.3,151.3,72.7,26,60,2023-06-10T15:30:00,2023-06-10T10:00:00,1686391200
102,127,2023-06-10:09,6,166,76,31,61,2023-06-10T14:30:00,2023-06-10T09:00:00,1686387600
98,142.3,2023-06-10:08,8.3,158,77.3,34,78,2023-06-10T13:30:00,2023-06-10T08:00:00,1686384000
104,157.7,2023-06-10:07,10.7,150,78.7,37,95,2023-06-10T12:30:00,2023-06-10T07:00:00,1686380400
112,173,2023-06-10:06,13,142,80,40,112,2023-06-10T11:30:00,2023-06-10T06:00:00,1686376800
118,192.3,2023-06-10:05,19.7,115.7,73.7,42,115,2023-06-10T10:30:00,2023-06-10T05:00:00,1686373200
118,211.7,2023-06-10:04,26.3,89.3,67.3,42,118,2023-06-10T09:30:00,2023-06-10T04:00:00,1686369600
93,231,2023-06-10:03,33,63,61,32,121,2023-06-10T08:30:00,2023-06-10T03:00:00,1686366000
85,226.3,2023-06-10:02,32,57,63.7,28,106.7,2023-06-10T07:30:00,2023-06-10T02:00:00,1686362400
74,221.7,2023-06-10:01,31,51,66.3,23,92.3,2023-06-10T06:30:00,2023-06-10T01:00:00,1686358800
82,217,2023-06-10:00,30,45,69,27,78,2023-06-10T05:30:00,2023-06-10T00:00:00,1686355200
121,370,2023-06-09:23,57.7,30,83,43,126.3,2023-06-10T04:30:00,2023-06-09T23:00:00,1686351600
85,523,2023-06-09:22,85.3,15,97,28,174.7,2023-06-10T03:30:00,2023-06-09T22:00:00,1686348000
78,676,2023-06-09:21,113,0,111,22,223,2023-06-10T02:30:00,2023-06-09T21:00:00,1686344400
82,647,2023-06-09:20,115.7,1,100.7,27,210.7,2023-06-10T01:30:00,2023-06-09T20:00:00,1686340800
82,618,2023-06-09:19,118.3,2,90.3,27,198.3,2023-06-10T00:30:00,2023-06-09T19:00:00,1686337200
63,589,2023-06-09:18,121,3,80,17,186,2023-06-09T23:30:00,2023-06-09T18:00:00,1686333600
67,519.3,2023-06-09:17,111.7,17.3,76,20,164.7,2023-06-09T22:30:00,2023-06-09T17:00:00,1686330000
72,449.7,2023-06-09:16,102.3,31.7,72,22,143.3,2023-06-09T21:30:00,2023-06-09T16:00:00,1686326400
72,380,2023-06-09:15,93,46,68,22,122,2023-06-09T20:30:00,2023-06-09T15:00:00,1686322800
76,304.7,2023-06-09:14,67,91,63,24,106,2023-06-09T19:30:00,2023-06-09T14:00:00,1686319200
82,229.3,2023-06-09:13,41,136,58,27,90,2023-06-09T18:30:00,2023-06-09T13:00:00,1686315600
106,154,2023-06-09:12,15,181,53,27,74,2023-06-09T17:30:00,2023-06-09T12:00:00,1686312000
108,153,2023-06-09:11,12,187.3,60.3,24,71.3,2023-06-09T16:30:00,2023-06-09T11:00:00,1686308400
110,152,2023-06-09:10,9,193.7,67.7,26,68.7,2023-06-09T15:30:00,2023-06-09T10:00:00,1686304800
112,151,2023-06-09:09,6,200,75,27,66,2023-06-09T14:30:00,2023-06-09T09:00:00,1686301200
110,163.3,2023-06-09:08,7.7,192.3,74.7,27,73.3,2023-06-09T13:30:00,2023-06-09T08:00:00,1686297600
107,175.7,2023-06-09:07,9.3,184.7,74.3,37,80.7,2023-06-09T12:30:00,2023-06-09T07:00:00,1686294000
112,188,2023-06-09:06,11,177,74,40,88,2023-06-09T11:30:00,2023-06-09T06:00:00,1686290400
107,235,2023-06-09:05,23,151,72,38,102.7,2023-06-09T10:30:00,2023-06-09T05:00:00,1686286800
98,282,2023-06-09:04,35,125,70,34,117.3,2023-06-09T09:30:00,2023-06-09T04:00:00,1686283200
93,329,2023-06-09:03,47,99,68,32,132,2023-06-09T08:30:00,2023-06-09T03:00:00,1686279600
95,325.7,2023-06-09:02,47,88,67.3,33,138.3,2023-06-09T07:30:00,2023-06-09T02:00:00,1686276000
82,322.3,2023-06-09:01,47,77,66.7,27,144.7,2023-06-09T06:30:00,2023-06-09T01:00:00,1686272400
76,319,2023-06-09:00,47,66,66,24,151,2023-06-09T05:30:00,2023-06-09T00:00:00,1686268800
78,463,2023-06-08:23,66.7,44,81.3,25,192.7,2023-06-09T04:30:00,2023-06-08T23:00:00,1686265200
129,607,2023-06-08:22,86.3,22,96.7,46,234.3,2023-06-09T03:30:00,2023-06-08T22:00:00,1686261600
185,751,2023-06-08:21,106,0,112,82,276,2023-06-09T02:30:00,2023-06-08T21:00:00,1686258000
126,676,2023-06-08:20,109,1,100,45,246,2023-06-09T01:30:00,2023-06-08T20:00:00,1686254400
115,601,2023-06-08:19,112,2,88,41,216,2023-06-09T00:30:00,2023-06-08T19:00:00,1686250800
104,526,2023-06-08:18,115,3,76,37,186,2023-06-08T23:30:00,2023-06-08T18:00:00,1686247200
100,469.3,2023-06-08:17,108,13.3,73.7,35,164,2023-06-08T22:30:00,2023-06-08T17:00:00,1686243600
98,412.7,2023-06-08:16,101,23.7,71.3,34,142,2023-06-08T21:30:00,2023-06-08T16:00:00,1686240000
102,356,2023-06-08:15,94,34,69,36,120,2023-06-08T20:30:00,2023-06-08T15:00:00,1686236400
80,287.7,2023-06-08:14,67.3,80.3,66.7,26,104.3,2023-06-08T19:30:00,2023-06-08T14:00:00,1686232800
72,219.3,2023-06-08:13,40.7,126.7,64.3,22,88.7,2023-06-08T18:30:00,2023-06-08T13:00:00,1686229200
104,151,2023-06-08:12,14,173,62,27,73,2023-06-08T17:30:00,2023-06-08T12:00:00,1686225600
108,158.3,2023-06-08:11,11.7,186.3,66,28,81,2023-06-08T16:30:00,2023-06-08T11:00:00,1686222000
112,165.7,2023-06-08:10,9.3,199.7,70,22,89,2023-06-08T15:30:00,2023-06-08T10:00:00,1686218400
116,173,2023-06-08:09,7,213,74,28,97,2023-06-08T14:30:00,2023-06-08T09:00:00,1686214800
112,178.3,2023-06-08:08,9,200,73.7,33,114.3,2023-06-08T13:30:00,2023-06-08T08:00:00,1686211200
110,183.7,2023-06-08:07,11,187,73.3,39,131.7,2023-06-08T12:30:00,2023-06-08T07:00:00,1686207600
110,189,2023-06-08:06,13,174,73,39,149,2023-06-08T11:30:00,2023-06-08T06:00:00,1686204000
89,217,2023-06-08:05,22.7,145.7,76,30,155.3,2023-06-08T10:30:00,2023-06-08T05:00:00,1686200400
121,245,2023-06-08:04,32.3,117.3,79,43,161.7,2023-06-08T09:30:00,2023-06-08T04:00:00,1686196800
112,273,2023-06-08:03,42,89,82,40,168,2023-06-08T08:30:00,2023-06-08T03:00:00,1686193200
150,291,2023-06-08:02,45.7,72.3,85,54,160,2023-06-08T07:30:00,2023-06-08T02:00:00,1686189600
156,309,2023-06-08:01,49.3,55.7,88,60,152,2023-06-08T06:30:00,2023-06-08T01:00:00,1686186000
148,327,2023-06-08:00,53,39,91,53,144,2023-06-08T05:30:00,2023-06-08T00:00:00,1686182400
137,339.3,2023-06-07:23,59,36.7,88,49,153,2023-06-08T04:30:00,2023-06-07T23:00:00,1686178800
134,351.7,2023-06-07:22,65,34.3,85,48,162,2023-06-08T03:30:00,2023-06-07T22:00:00,1686175200
139,364,2023-06-07:21,71,32,82,50,171,2023-06-08T02:30:00,2023-06-07T21:00:00,1686171600
153,397.7,2023-06-07:20,85.7,25.3,81.7,55,176.3,2023-06-08T01:30:00,2023-06-07T20:00:00,1686168000
167,431.3,2023-06-07:19,100.3,18.7,81.3,68,181.7,2023-06-08T00:30:00,2023-06-07T19:00:00,1686164400
171,465,2023-06-07:18,115,12,81,71,187,2023-06-07T23:30:00,2023-06-07T18:00:00,1686160800
168,440.3,2023-06-07:17,112,20,84,69,171.3,2023-06-07T22:30:00,2023-06-07T17:00:00,1686157200
151,415.7,2023-06-07:16,109,28,87,56,155.7,2023-06-07T21:30:00,2023-06-07T16:00:00,1686153600
145,391,2023-06-07:15,106,36,90,52,140,2023-06-07T20:30:00,2023-06-07T15:00:00,1686150000
91,313.7,2023-06-07:14,76,84.7,84,31,123.7,2023-06-07T19:30:00,2023-06-07T14:00:00,1686146400
82,236.3,2023-06-07:13,46,133.3,78,27,107.3,2023-06-07T18:30:00,2023-06-07T13:00:00,1686142800
107,159,2023-06-07:12,16,182,72,24,91,2023-06-07T17:30:00,2023-06-07T12:00:00,1686139200
110,162.7,2023-06-07:11,13,192.7,72.7,27,92.7,2023-06-07T16:30:00,2023-06-07T11:00:00,1686135600
113,166.3,2023-06-07:10,10,203.3,73.3,25,94.3,2023-06-07T15:30:00,2023-06-07T10:00:00,1686132000
116,170,2023-06-07:09,7,214,74,27,96,2023-06-07T14:30:00,2023-06-07T09:00:00,1686128400
113,179,2023-06-07:08,8.7,205.3,75.7,29,108.7,2023-06-07T13:30:00,2023-06-07T08:00:00,1686124800
111,188,2023-06-07:07,10.3,196.7,77.3,35,121.3,2023-06-07T12:30:00,2023-06-07T07:00:00,1686121200
108,197,2023-06-07:06,12,188,79,34,134,2023-06-07T11:30:00,2023-06-07T06:00:00,1686117600
134,292.7,2023-06-07:05,34.3,151,89,48,167,2023-06-07T10:30:00,2023-06-07T05:00:00,1686114000
156,388.3,2023-06-07:04,56.7,114,99,60,200,2023-06-07T09:30:00,2023-06-07T04:00:00,1686110400
189,484,2023-06-07:03,79,77,109,85,233,2023-06-07T08:30:00,2023-06-07T03:00:00,1686106800
217,594.3,2023-06-07:02,90.3,52,111,106,233.3,2023-06-07T07:30:00,2023-06-07T02:00:00,1686103200
219,704.7,2023-06-07:01,101.7,27,113,107,233.7,2023-06-07T06:30:00,2023-06-07T01:00:00,1686099600
197,815,2023-06-07:00,113,2,115,91,234,2023-06-07T05:30:00,2023-06-07T00:00:00,1686096000
155,827.7,2023-06-06:23,115.7,1.3,109,59,220.7,2023-06-07T04:30:00,2023-06-06T23:00:00,1686092400
98,840.3,2023-06-06:22,118.3,0.7,103,34,207.3,2023-06-07T03:30:00,2023-06-06T22:00:00,1686088800
107,853,2023-06-06:21,121,0,97,38,194,2023-06-07T02:30:00,2023-06-06T21:00:00,1686085200
137,845.7,2023-06-06:20,111.3,16.3,95,49,180.7,2023-06-07T01:30:00,2023-06-06T20:00:00,1686081600
252,838.3,2023-06-06:19,101.7,32.7,93,69.75,167.3,2023-06-07T00:30:00,2023-06-06T19:00:00,1686078000
200,831,2023-06-06:18,92,49,91,68.25,154,2023-06-06T23:30:00,2023-06-06T18:00:00,1686074400
277,773.3,2023-06-06:17,99,66.7,100.3,75.25,168,2023-06-06T22:30:00,2023-06-06T17:00:00,1686070800
219,715.7,2023-06-06:16,106,84.3,109.7,82.25,182,2023-06-06T21:30:00,2023-06-06T16:00:00,1686067200
167,658,2023-06-06:15,113,102,119,89.25,196,2023-06-06T20:30:00,2023-06-06T15:00:00,1686063600
269,545.7,2023-06-06:14,82.3,164.7,120.3,90.25,201,2023-06-06T19:30:00,2023-06-06T14:00:00,1686060000
120,433.3,2023-06-06:13,51.7,227.3,121.7,38,206,2023-06-06T18:30:00,2023-06-06T13:00:00,1686056400
139,321,2023-06-06:12,21,290,123,37,211,2023-06-06T17:30:00,2023-06-06T12:00:00,1686052800
134,284,2023-06-06:11,16.7,273.7,106.7,40,176,2023-06-06T16:30:00,2023-06-06T11:00:00,1686049200
129,247,2023-06-06:10,12.3,257.3,90.3,32,141,2023-06-06T15:30:00,2023-06-06T10:00:00,1686045600
124,210,2023-06-06:09,8,241,74,35,106,2023-06-06T14:30:00,2023-06-06T09:00:00,1686042000
120,226.7,2023-06-06:08,10.7,228.3,79.3,35,121,2023-06-06T13:30:00,2023-06-06T08:00:00,1686038400
117,243.3,2023-06-06:07,13.3,215.7,84.7,34,136,2023-06-06T12:30:00,2023-06-06T07:00:00,1686034800
113,260,2023-06-06:06,16,203,90,36,151,2023-06-06T11:30:00,2023-06-06T06:00:00,1686031200
101,348.3,2023-06-06:05,36.7,163.7,105.3,31,187.7,2023-06-06T10:30:00,2023-06-06T05:00:00,1686027600
83,436.7,2023-06-06:04,57.3,124.3,120.7,24,224.3,2023-06-06T09:30:00,2023-06-06T04:00:00,1686024000
91,525,2023-06-06:03,78,85,136,16,261,2023-06-06T08:30:00,2023-06-06T03:00:00,1686020400
99,499,2023-06-06:02,74.3,64.7,152.3,20,237,2023-06-06T07:30:00,2023-06-06T02:00:00,1686016800
107,473,2023-06-06:01,70.7,44.3,168.7,30,213,2023-06-06T06:30:00,2023-06-06T01:00:00,1686013200
116,447,2023-06-06:00,67,24,185,24,189,2023-06-06T05:30:00,2023-06-06T00:00:00,1686009600
116,733.7,2023-06-05:23,78,18.7,187,24,207.7,2023-06-06T04:30:00,2023-06-05T23:00:00,1686006000
118,1020.3,2023-06-05:22,89,13.3,189,26,226.3,2023-06-06T03:30:00,2023-06-05T22:00:00,1686002400
118,1307,2023-06-05:21,100,8,191,16,245,2023-06-06T02:30:00,2023-06-05T21:00:00,1685998800
116,1019,2023-06-05:20,91.3,25.7,186.7,12,206.3,2023-06-06T01:30:00,2023-06-05T20:00:00,1685995200
142,731,2023-06-05:19,82.7,43.3,182.3,51,167.7,2023-06-06T00:30:00,2023-06-05T19:00:00,1685991600
161,443,2023-06-05:18,74,61,178,64,129,2023-06-05T23:30:00,2023-06-05T18:00:00,1685988000
142,429.7,2023-06-05:17,79.7,59.7,152,51,126,2023-06-05T22:30:00,2023-06-05T17:00:00,1685984400
168,416.3,2023-06-05:16,85.3,58.3,126,69,123,2023-06-05T21:30:00,2023-06-05T16:00:00,1685980800
195,403,2023-06-05:15,91,57,100,89,120,2023-06-05T20:30:00,2023-06-05T15:00:00,1685977200
91,329.3,2023-06-05:14,65,103.3,88.7,31,111,2023-06-05T19:30:00,2023-06-05T14:00:00,1685973600
87,255.7,2023-06-05:13,39,149.7,77.3,28,102,2023-06-05T18:30:00,2023-06-05T13:00:00,1685970000
111,182,2023-06-05:12,13,196,66,32,93,2023-06-05T17:30:00,2023-06-05T12:00:00,1685966400
112,180.3,2023-06-05:11,11,200.3,69,39,93.3,2023-06-05T16:30:00,2023-06-05T11:00:00,1685962800
113,178.7,2023-06-05:10,9,204.7,72,36,93.7,2023-06-05T15:30:00,2023-06-05T10:00:00,1685959200
115,177,2023-06-05:09,7,209,75,31,94,2023-06-05T14:30:00,2023-06-05T09:00:00,1685955600
112,196,2023-06-05:08,9.3,200.7,80.7,40,114.7,2023-06-05T13:30:00,2023-06-05T08:00:00,1685952000
110,215,2023-06-05:07,11.7,192.3,86.3,36,135.3,2023-06-05T12:30:00,2023-06-05T07:00:00,1685948400
107,234,2023-06-05:06,14,184,92,35,156,2023-06-05T11:30:00,2023-06-05T06:00:00,1685944800
100,261.7,2023-06-05:05,22.3,153.3,95,35,160,2023-06-05T10:30:00,2023-06-05T05:00:00,1685941200
137,289.3,2023-06-05:04,30.7,122.7,98,49,164,2023-06-05T09:30:00,2023-06-05T04:00:00,1685937600
155,317,2023-06-05:03,39,92,101,59,168,2023-06-05T08:30:00,2023-06-05T03:00:00,1685934000
150,333.3,2023-06-05:02,40.3,73.3,96.7,54,143.3,2023-06-05T07:30:00,2023-06-05T02:00:00,1685930400
153,349.7,2023-06-05:01,41.7,54.7,92.3,58,118.7,2023-06-05T06:30:00,2023-06-05T01:00:00,1685926800
155,366,2023-06-05:00,43,36,88,59,94,2023-06-05T05:30:00,2023-06-05T00:00:00,1685923200
126,418,2023-06-04:23,58,27,86.3,45,115,2023-06-05T04:30:00,2023-06-04T23:00:00,1685919600
142,470,2023-06-04:22,73,18,84.7,51,136,2023-06-05T03:30:00,2023-06-04T22:00:00,1685916000
173,522,2023-06-04:21,88,9,83,73,157,2023-06-05T02:30:00,2023-06-04T21:00:00,1685912400
213,538,2023-06-04:20,92.3,7.3,83.7,62.75,161.7,2023-06-05T01:30:00,2023-06-04T20:00:00,1685908800
189,554,2023-06-04:19,96.7,5.7,84.3,63.25,166.3,2023-06-05T00:30:00,2023-06-04T19:00:00,1685905200
183,570,2023-06-04:18,101,4,85,80,171,2023-06-04T23:30:00,2023-06-04T18:00:00,1685901600
169,512,2023-06-04:17,96.3,12.3,83,70,160,2023-06-04T22:30:00,2023-06-04T17:00:00,1685898000
160,454,2023-06-04:16,91.7,20.7,81,63,149,2023-06-04T21:30:00,2023-06-04T16:00:00,1685894400
142,396,2023-06-04:15,87,29,79,51,138,2023-06-04T20:30:00,2023-06-04T15:00:00,1685890800
148,328.3,2023-06-04:14,66.7,65,75.7,53,136.7,2023-06-04T19:30:00,2023-06-04T14:00:00,1685887200
139,260.7,2023-06-04:13,46.3,101,72.3,50,135.3,2023-06-04T18:30:00,2023-06-04T13:00:00,1685883600
139,193,2023-06-04:12,26,137,69,50,134,2023-06-04T17:30:00,2023-06-04T12:00:00,1685880000
155,187,2023-06-04:11,19.7,162,70,59,120,2023-06-04T16:30:00,2023-06-04T11:00:00,1685876400
160,181,2023-06-04:10,13.3,187,71,63,106,2023-06-04T15:30:00,2023-06-04T10:00:00,1685872800
150,175,2023-06-04:09,7,212,72,54,92,2023-06-04T14:30:00,2023-06-04T09:00:00,1685869200
153,186.3,2023-06-04:08,9,204,73.7,58,116.3,2023-06-04T13:30:00,2023-06-04T08:00:00,1685865600
153,197.7,2023-06-04:07,11,196,75.3,58,140.7,2023-06-04T12:30:00,2023-06-04T07:00:00,1685862000
153,209,2023-06-04:06,13,188,77,55,165,2023-06-04T11:30:00,2023-06-04T06:00:00,1685858400
134,299,2023-06-04:05,35,151,88.7,48,181.3,2023-06-04T10:30:00,2023-06-04T05:00:00,1685854800
134,389,2023-06-04:04,57,114,100.3,48,197.7,2023-06-04T09:30:00,2023-06-04T04:00:00,1685851200
159,479,2023-06-04:03,79,77,112,62,214,2023-06-04T08:30:00,2023-06-04T03:00:00,1685847600
142,570.7,2023-06-04:02,86.3,51.7,113,51,196.7,2023-06-04T07:30:00,2023-06-04T02:00:00,1685844000
126,662.3,2023-06-04:01,93.7,26.3,114,45,179.3,2023-06-04T06:30:00,2023-06-04T01:00:00,1685840400
209,754,2023-06-04:00,101,1,115,100,162,2023-06-04T05:30:00,2023-06-04T00:00:00,1685836800
276,749.3,2023-06-03:23,106.3,0.7,111.7,83.75,173.3,2023-06-04T04:30:00,2023-06-03T23:00:00,1685833200
219,744.7,2023-06-03:22,111.7,0.3,108.3,107,184.7,2023-06-04T03:30:00,2023-06-03T22:00:00,1685829600
219,740,2023-06-03:21,117,0,105,78.75,196,2023-06-04T02:30:00,2023-06-03T21:00:00,1685826000
168,782.3,2023-06-03:20,121.7,0,104.7,69,195.3,2023-06-04T01:30:00,2023-06-03T20:00:00,1685822400
168,824.7,2023-06-03:19,126.3,0,104.3,69,194.7,2023-06-04T00:30:00,2023-06-03T19:00:00,1685818800
159,867,2023-06-03:18,131,0,104,62,194,2023-06-03T23:30:00,2023-06-03T18:00:00,1685815200
